"compas","recid","race","priors","gender","age"
0,1,"1",0,"1",0
0,1,"1",1,"1",0
0,1,"0",1,"1",1
0,0,"0",0,"0",1
0,0,"0",0,"1",0
0,1,"1",1,"1",0
0,0,"0",0,"0",1
0,0,"1",0,"1",1
0,1,"0",0,"0",1
0,1,"1",1,"1",0
1,0,"1",1,"1",0
0,1,"0",1,"1",0
0,1,"0",1,"1",0
0,1,"1",1,"1",1
1,1,"1",0,"1",0
0,1,"0",0,"1",0
0,0,"0",0,"0",0
0,0,"0",0,"1",1
0,1,"1",1,"1",0
1,1,"1",1,"1",0
1,1,"1",0,"1",0
1,1,"0",1,"1",0
1,1,"1",1,"1",0
0,0,"0",0,"1",1
0,1,"0",1,"0",0
0,1,"0",0,"1",0
1,1,"1",1,"1",0
0,0,"0",0,"1",0
1,0,"1",1,"0",0
0,0,"1",1,"1",1
0,1,"0",1,"1",0
0,0,"1",1,"0",1
1,1,"1",0,"1",0
1,1,"0",1,"1",0
1,1,"1",1,"1",1
0,0,"0",0,"1",1
0,0,"1",0,"1",0
0,1,"0",0,"1",0
0,0,"1",1,"1",0
0,1,"1",1,"1",0
0,0,"1",1,"1",1
0,0,"0",1,"1",1
0,0,"1",1,"1",1
1,1,"1",1,"1",0
0,1,"0",1,"1",1
0,1,"1",0,"1",0
1,1,"1",1,"1",0
0,1,"1",1,"1",0
0,0,"1",0,"0",1
0,0,"1",0,"1",1
0,1,"1",1,"1",0
0,1,"0",0,"1",0
0,0,"1",1,"1",1
0,1,"1",0,"1",0
1,0,"0",0,"1",0
0,1,"1",0,"0",0
0,0,"1",0,"1",0
0,0,"1",0,"1",1
1,1,"1",1,"1",0
1,1,"1",1,"1",0
1,1,"1",1,"1",0
0,0,"1",0,"0",1
1,1,"1",1,"1",1
1,1,"0",1,"1",0
1,1,"0",1,"1",0
1,0,"0",0,"0",0
0,1,"0",1,"1",1
0,0,"0",0,"0",1
0,1,"1",0,"1",0
0,0,"1",0,"1",0
0,1,"0",0,"0",1
0,1,"0",1,"1",0
0,0,"0",0,"1",0
0,0,"0",0,"1",0
0,0,"0",0,"0",1
0,0,"0",0,"1",1
1,1,"1",1,"1",0
0,1,"0",1,"1",1
0,0,"0",0,"1",0
0,1,"1",1,"1",0
0,0,"1",1,"1",1
0,1,"0",0,"1",1
1,1,"1",1,"1",1
0,1,"1",0,"1",0
1,1,"1",1,"1",0
1,0,"1",0,"1",0
1,1,"0",1,"1",0
1,1,"1",1,"1",0
1,0,"0",1,"1",1
1,1,"1",1,"1",0
0,0,"0",1,"1",1
0,0,"0",1,"0",0
0,0,"0",0,"1",0
0,1,"0",0,"1",0
0,0,"1",0,"0",0
0,1,"0",1,"0",0
0,1,"0",1,"1",1
1,1,"1",1,"1",0
0,1,"0",1,"1",0
0,0,"1",0,"1",0
0,1,"0",0,"1",1
1,0,"1",0,"0",0
0,0,"0",0,"0",1
1,1,"1",1,"1",1
0,1,"1",1,"1",0
0,1,"1",1,"1",0
0,1,"1",0,"0",0
1,1,"1",1,"0",0
1,1,"1",1,"1",0
0,0,"1",0,"0",0
0,0,"0",0,"0",0
0,1,"1",0,"0",1
1,1,"1",1,"0",0
0,1,"1",1,"0",0
0,0,"0",0,"1",1
1,1,"0",1,"0",0
1,0,"1",0,"1",0
0,0,"0",1,"1",1
0,0,"1",0,"1",0
0,1,"0",1,"1",1
0,0,"0",0,"1",0
0,1,"1",0,"1",0
1,0,"1",1,"0",0
0,0,"1",1,"1",1
0,1,"1",1,"1",0
0,1,"0",0,"1",1
0,0,"0",0,"1",1
0,1,"1",0,"1",0
1,1,"1",1,"1",1
0,1,"1",0,"1",0
0,0,"1",1,"1",1
0,1,"0",1,"1",1
1,1,"1",1,"1",1
0,1,"0",0,"1",1
1,1,"1",1,"1",0
0,0,"0",1,"1",1
0,1,"1",0,"1",0
0,0,"1",1,"1",0
0,0,"1",0,"0",0
0,0,"0",0,"1",1
0,0,"0",0,"0",1
0,0,"0",1,"1",1
1,1,"1",1,"0",1
1,1,"1",1,"1",0
0,0,"1",0,"1",0
1,0,"1",0,"0",0
1,1,"0",1,"0",0
0,0,"1",1,"1",1
1,0,"1",0,"0",0
0,1,"0",1,"1",1
1,0,"1",1,"1",1
0,0,"1",1,"1",0
0,1,"0",0,"0",1
0,0,"0",0,"1",1
0,0,"1",0,"1",1
0,1,"0",1,"1",1
1,0,"1",1,"0",0
0,0,"1",1,"0",1
1,1,"1",1,"1",0
0,0,"1",0,"1",1
1,0,"1",1,"1",1
1,0,"1",1,"1",0
0,0,"1",0,"1",1
0,0,"0",0,"1",1
0,1,"0",1,"1",1
0,0,"1",0,"1",1
0,0,"0",0,"1",0
1,1,"1",1,"1",0
0,0,"0",0,"1",0
0,0,"1",0,"1",0
0,0,"1",1,"1",0
1,1,"0",0,"1",0
0,1,"0",0,"1",1
1,0,"1",1,"1",0
0,0,"0",0,"1",1
1,1,"1",1,"1",0
0,1,"0",1,"1",1
0,0,"1",0,"1",0
1,1,"0",0,"1",0
0,1,"0",1,"0",0
0,0,"1",0,"1",0
1,1,"1",0,"1",0
0,1,"1",1,"1",0
0,0,"1",1,"1",0
0,0,"1",1,"0",1
1,0,"1",0,"1",0
0,0,"1",0,"0",1
0,1,"1",0,"0",0
0,0,"1",0,"0",1
0,0,"0",0,"1",0
0,1,"0",0,"1",0
1,1,"1",1,"1",0
1,1,"1",1,"1",0
0,0,"0",0,"0",0
0,0,"1",1,"0",1
0,1,"1",1,"1",1
0,0,"1",0,"1",1
0,0,"0",1,"1",1
0,0,"0",0,"1",1
0,0,"0",1,"1",1
1,1,"1",0,"1",0
1,1,"1",0,"1",0
0,0,"0",1,"1",0
0,0,"1",1,"1",0
0,1,"0",0,"1",0
0,1,"1",1,"1",0
0,1,"1",1,"1",1
0,0,"0",1,"1",1
0,0,"1",0,"0",0
1,1,"1",1,"1",0
0,0,"0",0,"1",1
0,0,"0",1,"1",1
0,0,"1",1,"0",0
0,0,"1",0,"1",0
0,1,"0",0,"1",1
0,1,"0",1,"1",0
0,0,"0",0,"0",1
0,0,"1",0,"1",0
1,1,"1",0,"1",0
0,0,"0",0,"0",1
0,0,"0",0,"1",1
1,0,"1",1,"1",0
1,1,"1",0,"1",0
0,0,"0",1,"1",0
1,1,"1",1,"1",0
0,1,"0",1,"1",1
0,1,"0",1,"1",0
1,0,"1",0,"0",1
0,1,"0",1,"0",0
0,0,"0",0,"1",0
1,1,"1",0,"0",0
0,0,"0",0,"1",1
0,0,"1",0,"1",0
0,0,"1",0,"1",0
0,0,"0",0,"0",0
1,1,"1",1,"1",0
0,0,"1",0,"1",0
0,0,"1",1,"1",1
0,0,"0",0,"1",1
1,1,"1",1,"1",0
0,0,"0",0,"0",0
0,0,"0",0,"1",1
0,0,"0",1,"1",0
1,1,"1",1,"1",0
0,0,"0",0,"1",0
0,1,"1",0,"0",0
0,0,"1",1,"1",1
0,0,"1",1,"1",0
0,0,"0",0,"0",1
1,1,"1",1,"1",0
0,0,"0",0,"1",0
0,0,"1",0,"1",0
0,1,"0",1,"1",0
1,1,"1",1,"1",0
0,1,"1",0,"1",0
0,0,"0",0,"1",0
0,1,"0",0,"0",1
1,1,"0",0,"1",1
1,1,"1",1,"1",0
0,0,"0",0,"0",1
0,0,"1",0,"0",0
0,0,"1",0,"1",1
0,0,"1",0,"1",0
1,1,"1",1,"1",0
1,1,"1",1,"1",0
1,0,"0",1,"1",0
1,1,"1",1,"1",1
0,0,"1",1,"1",1
0,0,"1",1,"1",1
0,0,"1",1,"1",0
1,1,"0",1,"1",1
0,0,"0",0,"0",1
1,1,"1",1,"1",0
1,0,"1",1,"1",0
0,0,"0",1,"1",0
1,1,"1",1,"1",1
0,0,"1",1,"1",0
1,1,"1",0,"1",0
0,0,"0",0,"1",0
0,0,"1",1,"1",1
1,1,"1",1,"1",0
0,1,"0",1,"1",1
0,0,"1",1,"1",0
0,0,"0",0,"0",1
0,0,"0",0,"1",1
1,0,"1",0,"0",0
0,0,"1",1,"1",1
0,1,"0",0,"1",0
0,0,"0",0,"1",0
0,0,"0",1,"0",1
0,1,"1",1,"1",0
0,1,"0",0,"1",0
0,1,"1",1,"1",0
1,1,"1",0,"1",0
0,1,"0",0,"1",0
1,1,"1",1,"1",1
1,0,"1",1,"1",0
0,0,"0",0,"1",1
0,1,"1",0,"1",1
0,0,"0",1,"1",0
0,0,"1",1,"1",0
1,1,"0",1,"1",0
0,0,"0",0,"1",0
0,0,"1",1,"1",0
1,1,"1",1,"0",0
1,1,"0",0,"1",0
0,0,"0",1,"1",1
0,0,"0",0,"0",0
0,0,"0",0,"1",0
1,1,"1",0,"1",0
0,1,"1",0,"1",0
0,0,"0",1,"1",1
0,0,"1",1,"0",1
0,0,"1",0,"1",0
0,0,"1",1,"1",1
0,0,"0",0,"1",0
1,1,"1",1,"0",1
0,1,"0",0,"1",1
1,1,"1",1,"1",0
0,1,"1",0,"1",0
0,1,"1",1,"1",0
0,1,"0",1,"1",1
0,1,"0",0,"1",0
0,1,"1",1,"1",1
1,1,"1",1,"1",0
1,0,"1",1,"1",0
0,0,"0",1,"1",1
0,0,"1",0,"1",1
0,0,"1",1,"1",0
1,1,"1",1,"1",1
1,1,"1",1,"1",1
1,1,"1",1,"0",0
0,0,"1",1,"1",1
0,1,"1",1,"1",1
0,1,"0",0,"1",0
0,0,"1",0,"1",1
1,1,"1",0,"1",0
0,0,"0",0,"1",1
0,0,"0",1,"1",1
0,0,"0",1,"1",1
0,1,"0",1,"1",0
0,0,"0",0,"1",1
0,1,"0",0,"1",1
1,1,"0",1,"0",0
1,1,"0",1,"1",0
0,0,"1",0,"1",0
0,0,"0",0,"0",0
0,1,"0",0,"1",0
0,0,"1",0,"1",1
0,1,"1",1,"1",0
0,0,"0",0,"0",1
0,0,"1",0,"1",1
0,1,"0",0,"1",0
0,1,"1",1,"1",1
0,0,"0",1,"1",0
0,0,"0",0,"1",1
0,0,"0",0,"1",1
0,0,"0",1,"1",1
0,0,"1",0,"0",0
0,0,"0",0,"0",1
0,0,"1",1,"1",0
0,0,"1",1,"0",0
1,1,"1",1,"1",1
0,1,"1",1,"1",0
0,0,"0",0,"1",0
1,1,"0",0,"1",1
0,0,"1",1,"1",1
0,1,"1",0,"1",0
0,1,"0",1,"1",0
0,0,"0",0,"1",0
1,0,"0",0,"1",0
0,0,"0",1,"1",0
0,1,"1",0,"1",0
0,0,"1",0,"1",0
0,1,"1",1,"1",0
0,1,"0",0,"1",0
0,1,"0",0,"1",0
0,0,"0",0,"1",0
1,0,"1",0,"1",1
1,1,"1",1,"1",1
1,1,"0",1,"1",0
0,0,"0",0,"1",1
1,1,"1",1,"1",0
0,1,"0",1,"1",1
0,0,"1",0,"1",1
0,0,"0",1,"1",0
0,0,"1",1,"1",1
0,0,"1",1,"1",1
0,0,"1",1,"1",0
0,1,"1",1,"1",1
0,1,"1",1,"1",0
0,0,"0",0,"1",1
1,1,"1",1,"1",0
0,0,"1",1,"1",1
0,0,"1",0,"1",1
0,0,"0",0,"1",1
1,1,"1",1,"1",0
0,0,"1",0,"0",0
0,0,"1",0,"1",0
0,1,"0",1,"1",0
0,0,"0",1,"1",1
0,1,"1",1,"1",0
0,0,"0",1,"1",1
0,1,"1",1,"0",1
0,0,"0",0,"1",1
1,0,"1",1,"1",1
0,0,"1",0,"0",0
0,1,"0",1,"0",1
0,1,"0",1,"1",1
0,1,"0",0,"1",1
0,0,"0",0,"0",1
0,1,"1",1,"1",0
0,0,"0",0,"0",0
0,0,"0",0,"1",0
0,0,"1",0,"1",0
1,0,"0",0,"0",0
0,0,"1",0,"1",0
0,0,"0",0,"0",0
0,0,"1",0,"1",0
1,1,"1",1,"1",0
1,1,"1",1,"1",0
0,0,"1",0,"1",1
1,1,"1",1,"1",0
0,0,"1",0,"0",1
1,0,"1",0,"1",0
0,1,"0",1,"1",0
0,0,"0",0,"0",1
0,0,"0",1,"1",1
1,1,"1",1,"1",0
0,0,"0",0,"1",1
1,1,"1",0,"1",0
0,1,"1",1,"1",0
0,0,"0",0,"1",1
0,1,"0",1,"1",0
0,0,"1",1,"1",0
0,1,"1",1,"1",1
1,0,"0",1,"0",0
0,0,"1",0,"0",0
1,1,"0",1,"0",0
0,0,"1",0,"1",0
0,0,"1",0,"1",0
0,1,"1",1,"1",1
1,1,"1",1,"1",0
1,1,"0",1,"1",0
1,0,"0",1,"1",0
0,0,"0",0,"1",0
0,1,"0",1,"1",0
0,0,"1",0,"1",1
1,1,"1",1,"1",0
0,1,"0",0,"0",1
0,1,"1",1,"0",1
0,1,"0",0,"0",1
0,0,"1",0,"1",0
1,0,"1",0,"0",0
0,0,"1",0,"1",0
1,1,"1",1,"1",0
0,0,"1",1,"0",0
0,0,"0",0,"0",1
0,1,"0",1,"1",1
1,1,"1",0,"1",0
0,1,"1",0,"1",0
1,1,"1",1,"1",0
0,1,"0",0,"1",1
1,1,"1",1,"1",0
1,0,"1",1,"1",1
1,0,"1",1,"1",0
1,1,"1",0,"1",1
0,1,"1",1,"1",1
0,0,"1",0,"1",1
0,0,"1",0,"0",0
0,0,"0",0,"1",1
0,0,"1",0,"1",0
0,0,"1",1,"1",1
0,0,"1",0,"0",0
0,0,"0",1,"0",1
0,0,"1",0,"1",0
1,1,"1",0,"1",1
1,1,"1",1,"1",1
1,0,"1",1,"1",0
0,0,"0",0,"0",0
1,1,"0",1,"0",0
1,1,"1",1,"1",0
0,0,"1",1,"1",0
0,1,"0",1,"1",1
1,0,"1",1,"1",0
0,0,"1",1,"1",1
1,1,"1",1,"1",1
0,0,"0",1,"1",1
0,1,"1",1,"1",0
0,1,"0",1,"1",1
1,1,"1",1,"1",1
0,0,"1",1,"1",0
0,0,"1",0,"1",0
0,0,"1",0,"1",1
0,0,"1",0,"1",1
0,0,"1",1,"1",1
0,1,"1",1,"1",0
1,1,"1",1,"1",0
0,0,"0",0,"1",1
0,1,"0",1,"0",1
0,0,"0",0,"1",1
0,0,"1",0,"1",0
1,0,"0",1,"0",1
0,1,"1",0,"1",0
1,1,"1",1,"1",1
0,0,"1",0,"1",1
0,0,"1",0,"1",0
0,1,"0",0,"1",0
0,0,"0",0,"1",1
0,1,"0",0,"1",0
0,0,"0",0,"1",0
0,1,"0",0,"1",0
0,0,"0",0,"1",1
0,0,"0",0,"1",0
1,0,"1",0,"1",0
0,0,"0",0,"1",1
0,1,"0",0,"1",0
0,1,"1",0,"1",1
1,1,"1",1,"0",1
0,0,"1",1,"1",1
1,1,"1",1,"1",0
1,0,"1",0,"1",0
0,0,"1",0,"1",0
0,0,"1",0,"1",0
1,0,"1",1,"1",1
1,1,"1",1,"1",0
0,0,"1",0,"1",0
0,0,"0",0,"0",0
0,1,"0",1,"1",0
1,1,"1",0,"1",0
0,0,"0",0,"0",1
0,1,"1",1,"1",0
1,0,"1",0,"0",0
0,0,"1",1,"1",1
1,0,"1",1,"1",1
0,0,"1",0,"0",1
0,1,"1",0,"1",0
0,0,"1",1,"0",0
0,1,"1",1,"1",0
1,1,"1",1,"1",0
1,1,"1",1,"0",1
1,1,"0",0,"0",0
0,0,"1",0,"0",0
0,0,"1",0,"0",1
1,0,"1",0,"0",0
1,1,"1",1,"1",0
0,0,"1",1,"1",0
1,1,"1",1,"1",0
0,0,"1",0,"1",0
0,0,"1",0,"1",0
0,1,"1",1,"1",1
0,0,"0",0,"1",0
0,0,"0",0,"1",1
0,0,"1",1,"1",1
0,0,"1",1,"0",1
0,1,"0",0,"1",0
1,1,"0",1,"1",0
0,1,"0",0,"1",0
0,0,"1",1,"1",1
1,0,"0",0,"1",1
1,0,"1",1,"0",1
0,0,"0",0,"1",0
1,1,"1",0,"1",0
0,0,"0",1,"1",0
0,1,"1",0,"1",0
1,1,"1",1,"1",0
0,0,"1",0,"1",1
0,0,"0",0,"1",0
0,1,"1",0,"0",0
0,0,"1",0,"0",1
0,0,"0",1,"1",0
0,1,"1",1,"1",1
0,0,"1",0,"0",0
0,0,"1",0,"1",1
1,1,"1",1,"1",0
0,1,"1",0,"1",0
0,0,"1",1,"1",1
0,0,"1",0,"1",0
0,0,"0",1,"1",0
1,1,"1",1,"1",0
0,0,"1",0,"1",0
0,1,"0",0,"0",0
1,1,"1",1,"1",0
1,0,"1",1,"1",0
0,1,"0",0,"1",0
0,0,"0",0,"1",1
0,0,"0",1,"1",1
0,1,"1",1,"1",0
0,0,"1",0,"0",0
0,0,"0",1,"1",1
1,1,"1",1,"1",1
1,0,"1",1,"1",1
1,1,"1",1,"1",0
1,1,"1",1,"1",1
1,1,"1",0,"1",0
1,1,"1",1,"1",1
0,1,"0",1,"1",0
1,1,"1",1,"1",1
0,0,"1",1,"1",0
0,0,"0",1,"1",1
0,1,"1",0,"1",0
0,0,"1",1,"1",0
0,1,"1",1,"1",1
0,0,"0",0,"1",1
1,1,"1",0,"1",0
1,1,"0",1,"1",0
0,1,"0",0,"0",1
1,0,"1",0,"1",0
1,1,"1",0,"1",0
0,1,"0",1,"1",0
1,1,"1",1,"1",0
0,0,"0",0,"1",1
0,1,"1",1,"1",0
0,0,"0",0,"1",0
0,0,"0",0,"1",1
1,0,"1",1,"1",0
0,0,"0",0,"0",0
0,1,"1",0,"1",0
1,0,"1",1,"1",1
0,1,"1",1,"1",0
0,0,"0",0,"0",0
1,1,"1",0,"1",0
1,1,"1",1,"1",0
0,0,"1",0,"1",0
1,1,"1",1,"1",1
0,0,"1",1,"0",0
0,0,"0",0,"1",1
0,0,"1",0,"0",1
1,0,"1",1,"1",0
0,0,"1",0,"0",0
1,1,"0",0,"1",0
0,0,"0",1,"1",1
1,1,"1",1,"1",0
0,0,"1",0,"1",0
0,0,"0",0,"1",1
1,0,"1",0,"1",0
0,0,"1",1,"1",1
0,1,"0",0,"1",0
0,0,"1",1,"1",0
0,1,"0",0,"0",0
0,0,"1",0,"0",0
1,1,"1",1,"1",0
1,1,"0",0,"1",0
0,1,"0",0,"1",1
0,1,"1",1,"1",0
0,1,"1",1,"1",0
0,1,"1",1,"1",0
0,0,"0",0,"0",1
0,1,"1",0,"1",0
0,0,"0",1,"0",0
0,0,"0",0,"0",1
0,0,"0",0,"1",0
1,1,"1",1,"1",1
1,1,"1",0,"1",0
0,1,"1",1,"1",1
0,0,"1",0,"1",0
0,0,"0",0,"1",1
0,1,"1",1,"1",0
0,1,"0",0,"0",1
0,1,"1",1,"1",1
1,1,"1",1,"1",0
1,1,"1",1,"1",0
1,0,"1",1,"1",1
0,0,"0",1,"1",0
0,0,"1",0,"1",1
1,1,"1",1,"1",0
0,0,"1",0,"1",0
0,0,"0",0,"0",0
1,1,"1",1,"1",0
1,0,"1",1,"1",0
1,1,"1",1,"1",0
0,0,"0",0,"1",0
1,0,"1",0,"1",0
0,1,"1",1,"1",0
1,1,"1",1,"1",0
0,0,"0",0,"0",0
0,0,"0",0,"1",0
0,1,"1",0,"1",0
0,1,"1",0,"1",1
1,1,"1",1,"1",0
0,0,"0",1,"1",1
0,0,"0",1,"1",1
0,0,"0",0,"1",0
0,1,"0",0,"0",0
0,0,"1",0,"1",1
0,1,"1",1,"1",0
0,0,"0",0,"1",0
0,1,"1",1,"1",0
1,1,"1",1,"1",1
1,1,"1",1,"1",0
0,1,"1",1,"1",1
0,1,"0",1,"1",0
0,1,"1",0,"1",0
0,0,"1",0,"0",0
0,1,"1",1,"1",1
0,0,"1",0,"1",0
1,0,"1",1,"0",0
0,0,"1",0,"1",1
1,1,"0",1,"1",0
1,1,"1",0,"1",0
0,1,"1",1,"1",0
0,0,"1",1,"0",0
1,1,"1",1,"1",0
0,0,"0",1,"1",0
1,1,"1",1,"1",0
0,0,"0",0,"1",1
1,1,"1",0,"1",0
0,0,"1",0,"0",0
0,0,"1",0,"1",0
0,1,"1",1,"1",0
0,0,"1",1,"1",1
0,0,"0",1,"1",0
1,0,"1",1,"1",0
0,0,"1",1,"1",1
0,0,"1",0,"1",1
0,0,"1",1,"1",0
0,0,"0",1,"1",1
0,0,"1",1,"1",0
1,0,"1",0,"1",0
1,1,"1",1,"1",1
1,1,"1",1,"1",0
0,0,"1",0,"1",0
1,1,"1",1,"1",0
0,0,"0",0,"1",1
0,0,"1",0,"0",1
0,0,"0",1,"1",0
0,0,"1",1,"0",1
0,1,"1",1,"1",1
1,1,"1",1,"0",0
0,0,"0",0,"1",1
0,0,"1",0,"1",0
0,1,"1",1,"1",0
1,1,"1",1,"1",1
0,0,"1",1,"1",1
0,0,"0",0,"1",1
0,0,"0",1,"1",1
0,0,"0",1,"1",1
1,1,"1",0,"1",1
0,1,"1",0,"1",1
0,0,"0",0,"0",1
0,0,"1",0,"0",0
1,1,"1",1,"1",1
0,1,"1",0,"1",0
0,0,"1",0,"1",1
0,0,"0",0,"0",1
0,1,"0",1,"1",0
0,0,"1",1,"1",0
0,1,"1",1,"1",1
1,0,"1",0,"0",0
1,1,"1",1,"0",0
0,1,"0",1,"0",1
0,0,"1",1,"1",1
0,0,"1",1,"1",1
0,0,"0",0,"0",1
0,0,"0",0,"1",1
0,0,"1",1,"1",1
1,0,"1",1,"1",1
1,1,"1",1,"1",0
1,1,"1",0,"1",0
0,1,"1",0,"1",0
0,0,"1",1,"1",0
0,0,"0",1,"0",1
0,1,"0",0,"1",1
1,1,"1",1,"1",0
0,0,"0",1,"1",1
0,0,"1",0,"1",0
0,1,"1",1,"1",1
0,0,"0",1,"1",1
0,0,"0",0,"1",0
0,0,"0",0,"1",0
0,1,"1",0,"0",0
0,0,"0",0,"1",1
0,1,"1",0,"1",1
0,0,"0",1,"1",1
0,0,"0",1,"1",0
0,1,"1",0,"1",0
0,0,"1",0,"1",0
1,1,"1",1,"1",0
1,0,"0",1,"1",0
0,1,"0",0,"1",0
1,0,"1",1,"1",1
1,1,"0",1,"0",0
0,1,"1",0,"1",0
1,0,"1",0,"0",0
0,0,"0",1,"1",1
0,0,"1",1,"1",1
0,0,"0",1,"1",1
1,0,"0",1,"0",0
0,1,"1",1,"0",0
0,1,"0",1,"1",1
1,0,"0",1,"1",0
0,0,"0",0,"1",1
0,0,"0",0,"0",0
0,0,"0",0,"0",0
0,1,"1",0,"1",0
1,1,"1",1,"1",0
0,1,"1",1,"1",0
0,0,"1",0,"1",0
1,1,"1",1,"1",0
0,0,"0",0,"1",1
0,0,"0",0,"0",1
0,1,"1",1,"1",1
0,1,"1",1,"1",1
1,1,"1",1,"1",0
0,1,"1",0,"1",1
0,0,"1",0,"0",1
0,1,"1",0,"1",1
0,0,"1",1,"1",1
1,0,"0",1,"0",1
0,0,"0",0,"1",1
1,0,"1",0,"0",0
1,0,"1",1,"0",0
0,1,"0",0,"1",0
0,0,"0",0,"0",1
0,1,"0",0,"1",0
1,0,"0",0,"0",1
0,0,"0",0,"1",1
1,0,"1",0,"0",0
0,0,"0",0,"1",0
0,1,"0",1,"1",1
0,0,"0",0,"0",0
0,0,"1",0,"1",1
0,1,"1",1,"1",0
0,0,"0",0,"1",0
1,1,"1",0,"1",0
0,0,"1",1,"0",1
0,0,"0",1,"1",0
1,0,"1",1,"1",1
0,0,"1",0,"1",0
1,1,"1",1,"1",0
0,0,"1",1,"1",1
0,1,"1",0,"1",0
1,1,"1",1,"0",0
0,0,"1",1,"1",1
0,0,"1",0,"0",0
0,0,"0",0,"1",0
0,1,"1",1,"1",0
0,1,"0",1,"0",0
1,1,"0",1,"0",0
0,1,"1",1,"0",0
0,0,"1",1,"1",1
0,0,"0",1,"0",0
0,1,"0",1,"1",0
0,0,"0",0,"0",0
1,1,"1",0,"1",0
0,0,"0",0,"1",0
0,0,"0",0,"0",1
0,1,"0",1,"1",1
0,0,"1",0,"0",0
0,0,"1",0,"1",1
0,1,"0",0,"1",1
0,1,"1",1,"1",0
0,1,"1",1,"1",0
1,1,"1",1,"1",0
0,0,"0",0,"1",1
0,0,"1",1,"1",1
0,0,"1",0,"0",0
0,1,"0",0,"1",0
1,1,"1",0,"1",1
0,1,"1",0,"1",0
0,1,"1",1,"1",0
0,0,"1",0,"1",1
0,0,"0",0,"1",1
1,0,"1",0,"1",0
0,0,"0",0,"1",1
0,0,"1",0,"1",0
1,1,"1",1,"0",0
0,0,"1",0,"1",1
0,0,"0",0,"0",0
0,1,"1",1,"1",0
1,0,"1",0,"1",0
0,0,"1",1,"1",1
0,0,"1",1,"1",0
0,1,"1",1,"1",0
1,0,"0",1,"1",0
0,1,"1",0,"1",0
1,1,"1",1,"1",0
1,1,"0",0,"1",0
0,1,"0",0,"0",1
0,0,"1",0,"1",0
0,0,"0",1,"1",0
0,1,"1",0,"1",0
1,1,"0",0,"1",0
0,0,"0",0,"1",1
0,1,"0",1,"1",1
0,0,"1",0,"1",0
0,0,"1",0,"1",0
1,1,"1",1,"1",1
0,0,"0",1,"1",1
0,1,"0",0,"0",0
0,1,"0",1,"1",0
1,1,"1",0,"1",0
0,0,"0",1,"0",1
0,1,"1",1,"1",0
0,0,"0",0,"0",1
0,0,"0",0,"1",1
0,0,"0",0,"0",1
0,1,"0",0,"1",0
0,0,"1",0,"1",0
0,0,"0",1,"1",0
0,1,"1",0,"1",0
0,0,"1",0,"1",0
0,0,"0",1,"1",1
0,0,"1",0,"1",0
0,0,"1",0,"1",0
0,1,"0",0,"1",1
0,0,"0",0,"1",0
1,1,"0",1,"1",0
1,1,"1",1,"0",0
0,0,"1",0,"0",1
0,0,"1",1,"1",1
0,0,"0",0,"1",1
0,0,"1",0,"1",0
0,1,"0",1,"1",0
0,0,"1",0,"1",1
0,0,"0",1,"1",1
0,1,"1",1,"1",1
1,1,"0",0,"1",0
1,1,"0",1,"1",0
0,1,"0",1,"1",1
0,0,"1",0,"1",1
0,0,"0",1,"1",1
1,1,"1",0,"1",0
0,1,"1",1,"1",0
0,0,"1",0,"1",0
0,0,"0",0,"1",0
0,0,"0",1,"0",1
0,1,"1",1,"1",0
1,1,"1",0,"1",0
0,0,"1",1,"1",1
0,0,"0",1,"1",1
0,1,"1",0,"1",0
0,0,"1",0,"1",0
0,0,"1",1,"0",1
0,0,"0",0,"0",0
1,1,"1",1,"1",0
1,1,"0",0,"1",0
0,0,"0",1,"1",1
1,0,"1",0,"1",0
0,0,"0",0,"1",0
1,0,"1",1,"1",0
0,0,"1",1,"1",0
1,1,"1",1,"1",0
1,1,"1",0,"1",0
0,1,"1",0,"1",0
0,0,"1",0,"1",1
0,1,"1",1,"1",1
0,0,"0",1,"1",0
0,0,"0",1,"1",1
0,0,"1",0,"1",0
1,0,"1",1,"1",0
1,1,"1",1,"1",0
0,0,"0",0,"0",0
1,1,"1",1,"1",0
1,0,"1",0,"1",0
0,1,"0",1,"1",1
0,0,"1",1,"1",1
1,1,"1",1,"1",0
0,1,"1",0,"1",0
0,0,"1",0,"1",0
0,0,"1",0,"0",0
0,0,"0",0,"0",0
0,0,"1",0,"1",1
0,0,"0",0,"1",1
0,1,"0",1,"1",1
0,0,"0",0,"0",1
0,0,"1",0,"0",0
0,0,"0",0,"1",1
0,1,"0",1,"1",0
0,1,"1",1,"1",0
1,1,"1",0,"1",0
0,0,"0",0,"1",0
1,0,"1",1,"1",0
0,0,"1",0,"1",0
1,1,"1",1,"1",0
0,0,"0",0,"1",1
0,0,"1",1,"1",1
0,0,"1",1,"0",0
0,1,"0",0,"1",0
0,0,"0",1,"1",0
0,1,"1",1,"1",0
0,0,"1",0,"1",0
0,1,"0",1,"1",1
1,0,"1",0,"1",1
1,0,"1",0,"1",0
1,1,"1",1,"1",0
0,0,"0",0,"0",1
0,1,"0",0,"1",1
0,1,"0",0,"0",0
0,0,"1",0,"1",0
1,1,"1",1,"0",1
0,1,"1",0,"1",0
1,1,"1",1,"1",0
0,1,"0",1,"1",0
0,0,"1",1,"0",1
1,1,"1",1,"1",0
0,1,"0",0,"1",1
0,1,"1",0,"0",0
0,0,"0",1,"1",1
0,0,"0",0,"1",0
0,0,"1",0,"0",1
0,0,"0",0,"1",0
0,1,"1",0,"1",1
1,1,"1",1,"0",0
0,0,"0",0,"1",0
1,0,"1",0,"1",0
1,0,"1",0,"1",0
0,1,"0",0,"1",1
0,1,"1",1,"1",0
0,0,"1",1,"1",1
1,1,"1",1,"1",0
0,1,"1",0,"0",0
0,0,"1",0,"1",1
0,1,"0",1,"1",0
0,1,"0",0,"1",1
0,1,"1",0,"1",0
0,1,"0",1,"0",0
0,0,"1",1,"0",1
0,1,"1",1,"1",0
0,0,"1",1,"1",1
0,0,"0",0,"1",1
0,0,"0",1,"0",1
0,0,"1",0,"0",0
1,0,"1",1,"1",0
0,1,"1",1,"1",1
1,1,"1",1,"1",0
1,1,"1",1,"1",0
0,1,"1",1,"1",0
0,0,"1",1,"1",1
0,0,"0",1,"1",0
0,0,"1",0,"0",0
0,1,"1",1,"1",1
0,1,"0",1,"1",1
0,0,"1",1,"1",1
0,0,"0",0,"0",0
0,1,"0",1,"1",0
0,1,"1",1,"1",0
1,1,"1",1,"1",0
1,1,"0",1,"1",0
1,0,"0",1,"1",0
0,1,"1",1,"1",1
1,0,"1",1,"1",0
1,0,"0",1,"0",0
1,1,"1",1,"1",0
1,0,"0",0,"0",1
1,0,"1",0,"1",0
1,1,"1",1,"1",0
1,0,"1",0,"0",0
1,1,"1",1,"1",0
0,0,"0",0,"1",1
0,1,"0",0,"0",0
0,0,"1",1,"1",1
0,0,"1",0,"0",1
0,1,"1",0,"1",0
1,0,"0",1,"0",0
0,1,"0",1,"1",1
1,1,"0",1,"1",0
0,1,"0",0,"1",1
1,0,"1",1,"1",1
1,1,"1",1,"1",0
0,0,"0",0,"1",0
0,0,"1",1,"1",0
1,1,"1",1,"1",1
1,1,"0",1,"0",0
0,1,"1",0,"1",0
0,0,"0",0,"1",1
0,0,"0",0,"1",1
0,0,"0",0,"1",1
0,0,"0",0,"1",0
1,1,"0",1,"1",0
1,1,"0",1,"1",0
0,1,"0",1,"1",1
0,0,"0",0,"0",1
0,0,"0",0,"1",1
1,0,"0",1,"1",1
0,0,"1",1,"1",0
0,0,"0",0,"1",1
0,1,"1",1,"1",0
0,1,"0",0,"1",0
0,1,"1",0,"0",0
0,1,"1",1,"1",0
1,0,"1",1,"1",0
1,0,"1",1,"1",0
1,1,"1",1,"1",1
1,1,"1",1,"1",0
0,0,"0",0,"1",1
0,1,"1",1,"1",0
1,1,"1",1,"1",0
1,0,"1",1,"0",0
0,0,"0",1,"1",1
1,1,"1",1,"0",0
1,0,"1",1,"1",1
1,1,"1",1,"1",0
0,0,"1",0,"1",1
0,0,"0",0,"1",1
0,1,"1",0,"1",0
0,1,"1",0,"1",0
0,1,"0",1,"1",1
0,1,"0",1,"0",1
0,0,"0",1,"1",1
0,0,"0",0,"1",1
0,0,"1",0,"0",0
0,0,"0",1,"1",0
1,0,"1",0,"1",1
0,0,"1",0,"1",0
1,1,"1",1,"1",0
0,1,"1",1,"1",1
1,1,"1",1,"0",0
0,1,"1",0,"1",0
1,1,"0",0,"1",0
0,0,"1",1,"1",0
1,1,"1",1,"1",0
0,1,"1",1,"1",1
0,0,"1",0,"1",0
0,1,"0",1,"1",1
0,0,"0",0,"0",1
0,0,"0",0,"0",1
1,0,"1",1,"1",0
0,0,"1",1,"1",0
1,1,"1",1,"1",1
0,0,"1",0,"0",0
0,0,"1",0,"0",1
0,0,"0",0,"0",1
0,0,"1",1,"0",1
0,0,"0",1,"1",0
0,0,"0",0,"1",1
0,1,"0",0,"1",0
0,0,"1",0,"1",0
1,1,"0",1,"1",1
1,1,"1",1,"1",0
0,0,"0",0,"1",0
0,1,"1",1,"1",1
0,0,"0",0,"0",0
0,0,"1",0,"1",0
1,1,"1",1,"1",0
0,0,"1",1,"1",1
0,1,"1",1,"1",0
0,1,"0",0,"1",0
1,1,"1",0,"1",0
0,0,"0",0,"1",1
1,1,"0",1,"0",1
0,0,"0",1,"1",1
0,0,"1",0,"1",1
0,1,"0",1,"1",1
1,0,"1",1,"1",1
1,0,"1",1,"1",1
0,0,"1",1,"1",1
1,1,"1",1,"1",1
1,1,"1",1,"1",0
0,1,"0",1,"1",0
0,0,"1",0,"1",0
1,1,"1",1,"1",0
0,0,"1",0,"1",1
0,0,"1",0,"1",0
0,0,"0",0,"1",1
0,0,"1",1,"0",0
0,0,"0",1,"0",0
0,1,"1",0,"1",0
0,1,"0",0,"0",1
0,1,"1",1,"1",1
0,1,"0",1,"0",0
1,1,"1",1,"0",0
0,0,"0",0,"1",0
0,0,"0",1,"1",1
1,1,"0",1,"1",1
0,0,"1",0,"1",0
0,1,"1",1,"0",0
0,1,"0",0,"1",0
0,0,"1",1,"1",0
0,1,"1",0,"1",0
1,1,"1",1,"1",0
1,1,"1",1,"1",0
1,1,"1",1,"1",1
1,0,"1",1,"1",0
0,0,"1",0,"1",0
1,1,"1",1,"1",0
0,0,"1",0,"0",0
0,0,"1",1,"1",1
0,0,"0",0,"1",0
0,0,"0",0,"1",1
0,1,"1",0,"1",0
0,1,"1",0,"1",0
1,0,"1",1,"1",0
0,1,"0",0,"1",0
0,1,"0",0,"1",1
1,0,"1",1,"1",1
0,0,"1",0,"0",0
0,0,"0",0,"1",1
0,0,"0",0,"1",0
0,0,"0",0,"1",1
1,0,"1",1,"1",1
1,1,"0",1,"1",1
0,0,"1",0,"1",1
0,1,"1",0,"1",0
0,0,"1",0,"1",1
0,0,"0",1,"0",1
1,0,"1",0,"1",0
1,1,"0",0,"1",0
1,1,"0",1,"0",0
1,0,"1",1,"1",0
0,0,"0",0,"1",1
1,1,"1",1,"1",1
0,0,"0",0,"1",0
1,1,"1",1,"1",0
0,1,"1",1,"0",0
0,1,"0",1,"0",1
1,0,"0",1,"1",0
0,1,"0",0,"0",0
0,1,"0",0,"1",0
0,0,"1",0,"0",1
0,0,"0",0,"1",1
0,0,"0",1,"0",1
1,0,"1",1,"1",0
0,0,"0",0,"1",1
0,1,"1",1,"1",0
0,1,"0",0,"1",0
0,0,"1",1,"0",0
0,0,"1",0,"1",1
0,0,"1",1,"1",1
0,1,"1",1,"1",0
1,0,"1",1,"1",0
0,0,"0",0,"0",1
0,1,"1",0,"1",0
1,0,"1",1,"1",0
0,0,"1",0,"1",1
0,0,"1",0,"0",0
0,0,"0",0,"1",1
0,0,"0",1,"1",0
0,0,"1",0,"1",1
1,1,"1",1,"1",0
0,0,"1",1,"1",0
1,1,"1",1,"1",0
1,1,"0",0,"1",0
0,0,"1",1,"1",1
0,1,"1",0,"1",1
0,0,"1",1,"1",0
0,0,"0",1,"1",1
1,1,"1",1,"1",1
0,1,"0",1,"1",0
1,1,"0",1,"1",0
0,0,"0",0,"1",0
0,0,"1",0,"1",0
0,0,"0",0,"1",0
0,1,"0",0,"1",0
0,0,"0",0,"1",1
0,0,"1",0,"0",1
0,0,"1",1,"1",1
1,0,"1",1,"1",0
0,0,"1",0,"1",0
0,0,"0",0,"1",1
0,0,"0",1,"1",0
1,1,"1",0,"1",0
0,0,"0",0,"1",0
0,0,"0",1,"0",1
1,1,"1",1,"1",0
1,1,"1",1,"1",0
0,0,"1",0,"1",0
0,1,"0",1,"1",0
0,0,"0",1,"1",0
0,0,"1",0,"1",0
0,0,"0",0,"0",1
1,0,"1",0,"1",0
0,0,"1",0,"1",1
0,0,"1",0,"1",0
0,0,"0",0,"1",1
0,0,"1",0,"0",0
0,0,"0",0,"1",1
0,1,"1",1,"1",0
0,0,"1",1,"0",0
0,1,"0",1,"0",1
0,0,"1",0,"1",1
0,0,"1",1,"1",0
0,1,"0",0,"0",1
0,0,"1",0,"1",0
1,0,"1",1,"1",1
0,1,"1",0,"1",0
0,0,"1",1,"1",0
0,1,"0",0,"1",0
0,0,"0",1,"1",1
0,1,"0",1,"1",0
0,1,"1",0,"0",1
0,1,"1",0,"1",0
0,1,"1",1,"1",0
0,1,"0",1,"1",1
1,1,"1",1,"1",1
1,1,"1",1,"1",0
1,1,"1",1,"1",0
1,0,"0",0,"1",0
0,1,"0",0,"1",1
0,0,"0",0,"1",1
0,0,"1",1,"1",1
1,0,"1",1,"1",1
0,0,"0",0,"1",1
1,1,"1",1,"1",0
1,0,"0",0,"0",0
0,0,"1",0,"1",0
1,0,"0",1,"1",0
0,0,"1",1,"1",1
1,1,"1",1,"1",0
0,0,"0",1,"1",1
0,0,"1",0,"0",0
1,1,"1",1,"1",0
0,1,"0",1,"1",1
0,0,"0",1,"1",1
1,1,"1",1,"1",0
1,1,"1",1,"0",1
1,1,"0",1,"1",0
0,0,"0",1,"1",1
0,0,"1",0,"1",0
0,0,"0",0,"1",1
1,1,"1",1,"1",1
0,0,"1",0,"1",0
0,1,"1",0,"0",1
0,0,"0",0,"1",1
0,0,"0",0,"1",1
1,0,"1",1,"1",0
1,0,"1",1,"1",0
0,1,"0",1,"1",0
0,1,"1",0,"1",0
1,0,"1",0,"1",0
0,0,"0",0,"1",1
0,1,"1",1,"1",1
0,0,"1",0,"1",0
0,1,"0",1,"1",1
1,0,"0",0,"1",0
1,1,"1",0,"1",0
0,0,"0",0,"1",1
0,0,"0",1,"0",1
0,1,"0",0,"1",0
1,1,"1",0,"0",0
0,0,"1",1,"1",1
0,0,"1",1,"0",1
0,0,"0",1,"1",0
0,1,"1",0,"1",0
0,0,"0",0,"1",1
1,1,"0",1,"1",1
0,1,"0",0,"1",1
1,1,"0",0,"1",0
1,0,"1",0,"1",0
1,1,"1",1,"1",0
0,1,"1",0,"0",0
0,0,"1",1,"1",0
1,0,"1",1,"1",0
1,1,"0",1,"1",1
0,0,"1",0,"1",1
0,1,"1",0,"1",0
0,1,"1",1,"1",1
0,1,"1",1,"1",0
0,0,"0",0,"1",0
1,1,"1",1,"1",0
1,1,"1",0,"1",0
1,1,"0",1,"1",0
0,1,"1",1,"1",0
1,1,"1",1,"1",0
0,0,"0",0,"1",0
0,0,"0",1,"1",1
1,1,"1",1,"1",0
1,1,"1",1,"1",1
1,1,"1",1,"1",0
0,0,"1",0,"1",0
0,0,"1",0,"1",1
1,0,"1",1,"1",0
1,1,"0",0,"1",0
0,0,"0",0,"0",0
1,0,"1",1,"1",0
1,1,"1",1,"1",0
0,0,"0",0,"1",1
0,1,"1",1,"1",0
0,0,"1",0,"1",0
0,0,"0",0,"1",1
1,0,"1",1,"1",0
1,0,"1",0,"1",0
0,1,"0",1,"1",1
0,0,"0",1,"1",0
1,0,"1",1,"1",1
0,1,"1",0,"1",0
0,1,"1",1,"1",0
0,0,"1",0,"1",1
0,0,"0",0,"1",0
1,1,"1",1,"1",0
0,0,"1",0,"1",1
0,0,"1",1,"1",1
1,1,"1",1,"1",0
0,1,"1",0,"1",0
0,0,"0",0,"1",1
0,0,"1",0,"1",0
0,1,"0",0,"1",0
0,0,"1",0,"1",0
0,0,"1",1,"0",0
0,0,"0",0,"1",1
0,0,"0",0,"1",0
0,0,"1",0,"1",0
0,0,"1",0,"1",0
0,0,"0",0,"1",0
0,0,"1",0,"1",0
0,0,"0",1,"1",1
1,0,"1",1,"1",0
0,1,"1",0,"1",0
0,0,"1",0,"1",1
0,0,"0",0,"1",0
0,1,"0",0,"1",0
0,1,"1",1,"1",0
0,1,"0",1,"1",1
0,0,"1",0,"1",1
0,1,"1",1,"1",1
0,0,"1",1,"1",0
1,0,"1",1,"1",1
1,1,"1",1,"1",1
0,0,"0",0,"0",0
0,0,"1",1,"1",1
0,1,"0",0,"1",1
0,0,"0",1,"1",1
0,0,"0",0,"1",1
0,1,"1",1,"1",1
0,0,"1",0,"0",1
1,1,"1",1,"1",0
0,0,"1",0,"1",1
1,1,"1",1,"1",0
0,0,"1",0,"1",0
0,0,"0",0,"1",1
1,1,"1",0,"1",0
0,1,"0",0,"1",1
0,1,"0",0,"1",1
1,0,"1",1,"1",1
1,1,"1",1,"0",1
0,0,"1",1,"1",1
1,1,"1",1,"1",0
0,0,"1",1,"1",1
0,1,"1",1,"1",1
1,1,"1",0,"1",1
1,1,"0",1,"1",0
0,0,"1",1,"1",0
0,0,"1",0,"0",0
0,0,"0",1,"1",0
0,0,"1",0,"0",0
0,1,"0",0,"1",1
0,0,"1",0,"1",1
0,1,"0",0,"1",1
0,0,"1",1,"0",1
0,0,"1",1,"1",0
0,0,"1",0,"1",1
0,0,"1",1,"1",1
0,0,"1",1,"1",1
0,0,"1",0,"1",0
1,1,"1",1,"1",0
0,0,"1",0,"1",0
0,0,"0",0,"1",1
0,0,"1",0,"0",0
1,1,"1",1,"1",0
1,0,"1",1,"1",0
0,0,"0",0,"1",1
0,0,"0",0,"1",0
0,0,"0",0,"0",0
0,0,"1",1,"1",0
0,0,"1",1,"0",1
0,0,"1",0,"1",0
1,1,"1",1,"1",0
0,0,"1",0,"0",0
0,0,"1",0,"1",0
0,0,"0",0,"0",0
1,1,"1",1,"1",0
0,0,"1",0,"1",1
0,0,"1",1,"1",0
0,0,"0",0,"1",1
0,1,"0",0,"1",0
1,0,"1",0,"1",1
1,1,"1",0,"1",0
0,1,"1",1,"1",0
0,0,"1",1,"1",0
0,0,"0",1,"1",1
0,0,"1",0,"1",1
0,1,"1",0,"1",0
0,0,"0",0,"0",0
1,0,"0",1,"1",1
0,1,"1",1,"1",0
0,1,"1",1,"1",0
1,0,"0",1,"0",1
0,0,"0",0,"1",0
0,0,"0",1,"1",1
0,0,"0",0,"1",0
1,0,"1",0,"1",0
0,0,"0",0,"1",1
0,1,"1",0,"1",0
1,1,"0",1,"1",0
0,0,"0",0,"1",1
0,1,"1",1,"1",0
0,1,"0",1,"1",1
0,1,"0",0,"1",0
1,1,"1",1,"1",0
0,0,"0",0,"1",1
1,1,"1",0,"0",0
0,1,"0",0,"1",1
0,0,"1",1,"1",1
1,1,"0",1,"1",0
1,1,"0",0,"1",0
0,0,"1",1,"1",0
0,1,"1",0,"1",1
0,0,"1",0,"1",0
0,0,"1",1,"1",1
0,0,"0",0,"1",1
0,1,"1",0,"1",1
1,0,"0",0,"0",0
0,0,"0",1,"1",1
0,0,"1",1,"1",1
0,0,"1",0,"0",0
0,0,"1",1,"1",0
1,1,"1",0,"1",0
0,0,"0",0,"1",1
0,0,"0",0,"1",0
1,1,"0",1,"1",1
1,1,"1",0,"1",0
1,0,"1",1,"1",0
0,1,"0",0,"1",1
0,0,"0",1,"1",0
0,0,"1",1,"0",1
0,0,"1",0,"0",1
1,1,"1",1,"1",0
0,0,"0",0,"1",1
1,0,"1",1,"0",0
1,0,"1",1,"1",0
0,0,"0",0,"1",0
0,0,"0",0,"1",0
0,1,"0",1,"1",1
0,0,"0",1,"1",1
0,0,"1",1,"1",1
0,1,"1",1,"1",1
0,0,"0",0,"0",1
0,0,"0",0,"0",1
0,0,"1",0,"1",0
1,1,"0",1,"1",0
1,1,"1",0,"1",0
1,1,"1",1,"1",1
1,1,"1",0,"1",0
0,0,"1",0,"1",0
1,1,"1",1,"1",0
0,1,"1",1,"0",0
0,1,"0",1,"1",0
0,0,"0",0,"1",1
1,1,"0",1,"1",1
0,1,"1",1,"1",1
0,1,"1",1,"1",1
0,0,"1",1,"1",1
0,0,"1",0,"1",0
0,1,"1",1,"1",1
0,0,"0",0,"0",0
0,0,"0",1,"1",0
0,1,"1",1,"1",0
0,0,"1",0,"0",0
0,1,"0",1,"0",0
0,0,"1",1,"1",1
0,0,"0",0,"1",0
0,1,"0",1,"1",0
0,0,"0",0,"1",1
0,0,"0",1,"1",0
0,0,"0",0,"1",1
1,1,"0",1,"0",0
0,0,"0",1,"1",1
0,0,"0",0,"0",1
0,0,"0",0,"1",0
0,1,"1",0,"1",0
1,1,"1",1,"1",0
0,0,"0",0,"1",1
1,0,"1",1,"1",0
0,1,"0",0,"1",1
1,1,"1",1,"1",0
0,0,"1",0,"1",1
0,1,"0",1,"1",1
1,1,"1",1,"1",0
0,0,"1",0,"1",0
0,0,"0",0,"1",1
1,1,"1",1,"1",1
0,0,"1",1,"1",0
0,1,"1",0,"1",1
1,1,"1",1,"1",1
0,0,"0",1,"0",0
0,1,"1",1,"0",1
0,1,"1",0,"1",1
0,0,"1",0,"1",0
0,1,"1",1,"0",0
0,1,"1",0,"1",0
0,0,"1",0,"1",1
0,0,"1",0,"1",1
1,1,"1",1,"1",0
1,1,"1",1,"1",1
1,1,"1",1,"1",0
1,1,"1",0,"1",0
0,0,"1",0,"1",0
0,0,"1",0,"0",1
0,1,"1",0,"1",0
0,1,"1",1,"1",1
1,0,"0",0,"1",0
0,1,"0",1,"1",1
0,1,"1",0,"1",1
0,0,"0",0,"1",1
1,1,"1",1,"0",0
0,0,"0",0,"1",1
0,1,"1",1,"1",0
1,1,"0",1,"1",0
0,0,"1",0,"1",1
1,1,"1",1,"1",0
1,0,"1",1,"1",1
0,1,"1",1,"1",1
0,1,"1",1,"1",0
0,0,"1",1,"1",1
1,1,"0",0,"1",0
0,0,"0",0,"1",1
0,1,"0",0,"0",0
0,0,"1",0,"1",0
0,0,"1",0,"1",1
0,0,"0",0,"0",0
0,0,"0",0,"1",0
0,1,"0",0,"1",0
0,1,"1",1,"1",0
0,0,"0",1,"1",0
0,1,"1",1,"1",1
0,1,"1",1,"1",0
0,0,"1",0,"1",1
0,1,"0",0,"1",1
0,0,"0",1,"0",0
1,1,"1",1,"1",0
0,0,"0",0,"0",1
0,1,"1",0,"1",0
0,0,"1",0,"0",0
1,1,"1",1,"1",0
0,0,"0",0,"0",0
0,1,"0",0,"1",0
0,0,"0",0,"1",1
1,1,"0",0,"1",1
0,1,"0",0,"1",1
0,0,"0",0,"1",0
1,1,"1",1,"0",1
0,0,"1",1,"1",0
0,1,"1",1,"1",1
0,1,"1",1,"1",0
0,0,"1",0,"0",0
1,0,"1",0,"1",0
0,0,"1",0,"1",1
0,0,"0",0,"1",1
0,1,"1",1,"1",0
0,1,"0",0,"1",1
0,0,"0",0,"1",1
0,1,"0",0,"1",0
0,1,"1",0,"1",0
0,0,"0",1,"1",1
1,1,"1",1,"1",0
0,0,"1",0,"1",1
0,1,"1",1,"0",0
0,0,"0",0,"1",1
1,1,"1",1,"1",1
0,1,"1",1,"1",0
0,0,"0",1,"1",1
1,0,"1",0,"0",0
1,0,"1",1,"1",0
0,0,"1",1,"1",0
0,1,"1",1,"1",0
1,1,"1",1,"0",0
0,0,"0",1,"1",0
1,1,"1",1,"1",0
0,0,"1",1,"1",0
0,0,"1",0,"0",0
0,0,"0",0,"1",0
1,1,"1",1,"1",0
0,0,"0",1,"1",1
1,1,"1",0,"1",0
0,0,"0",0,"1",1
0,0,"1",0,"0",0
0,0,"0",1,"0",0
1,1,"0",1,"1",0
0,0,"0",1,"1",0
0,1,"0",0,"1",0
0,0,"1",0,"1",0
0,0,"1",1,"1",1
0,0,"0",0,"1",0
0,1,"0",0,"1",0
0,1,"0",1,"0",1
0,1,"1",0,"1",0
0,0,"1",1,"1",1
1,1,"1",1,"1",0
0,1,"1",0,"1",0
0,0,"0",0,"1",0
0,0,"0",1,"1",1
0,0,"1",0,"1",1
1,1,"1",1,"1",1
1,1,"1",1,"1",0
1,0,"0",0,"1",0
0,1,"0",0,"1",1
1,1,"0",0,"1",0
0,0,"1",0,"1",1
0,1,"1",1,"1",0
0,0,"0",1,"1",1
0,0,"1",1,"1",1
0,0,"0",0,"1",0
0,1,"0",0,"1",1
0,0,"0",0,"1",1
0,1,"1",0,"1",1
0,0,"0",0,"1",1
0,1,"0",1,"1",0
0,0,"1",0,"1",0
1,1,"1",1,"0",0
1,1,"1",1,"1",1
0,1,"1",1,"1",0
0,0,"1",0,"1",1
0,0,"0",1,"1",1
1,1,"1",0,"1",0
1,1,"1",1,"1",1
0,0,"1",1,"1",1
1,1,"0",1,"1",1
0,0,"0",0,"0",1
1,0,"1",1,"1",0
1,1,"1",0,"1",0
1,0,"0",0,"1",1
1,0,"0",1,"1",1
0,1,"1",1,"1",0
1,1,"1",0,"1",0
0,0,"0",0,"1",1
0,0,"0",0,"0",1
0,0,"0",0,"1",1
0,0,"1",1,"0",1
0,0,"1",0,"1",0
0,0,"0",0,"1",0
0,1,"1",1,"1",1
0,1,"1",0,"1",0
0,0,"0",0,"1",0
1,1,"0",1,"1",0
0,0,"1",0,"1",0
0,1,"1",1,"1",1
1,1,"1",1,"1",0
0,1,"1",0,"1",0
0,0,"1",0,"1",0
0,0,"1",0,"1",1
1,0,"1",0,"1",0
0,0,"1",0,"0",0
0,1,"1",1,"1",1
1,0,"1",1,"1",0
0,0,"1",1,"1",0
0,0,"1",0,"0",0
0,0,"1",0,"1",0
0,0,"0",0,"1",0
0,0,"1",0,"0",0
0,1,"1",1,"1",1
0,0,"1",0,"1",1
0,0,"0",0,"1",1
0,1,"0",0,"0",1
1,0,"1",1,"0",1
1,1,"1",1,"1",0
0,1,"1",1,"1",1
0,1,"1",1,"1",1
0,0,"1",0,"1",0
1,0,"1",0,"1",0
0,0,"0",0,"1",1
0,0,"0",0,"1",1
0,0,"0",0,"1",1
0,1,"1",0,"1",0
1,1,"0",1,"1",1
0,0,"0",0,"1",1
0,0,"1",0,"0",1
0,0,"1",0,"0",1
1,1,"1",0,"1",0
0,1,"0",0,"1",0
0,1,"1",0,"1",0
0,0,"0",0,"1",1
1,0,"1",1,"1",0
1,1,"0",1,"1",1
0,0,"0",0,"0",1
1,1,"1",0,"1",0
1,1,"1",1,"1",0
0,0,"1",0,"1",0
0,0,"1",0,"1",0
0,0,"0",1,"1",1
0,0,"0",0,"0",0
1,0,"0",1,"1",0
0,0,"0",0,"1",1
0,0,"1",1,"1",1
0,0,"1",0,"1",0
0,0,"1",0,"1",1
0,1,"0",1,"1",0
0,0,"0",0,"1",1
1,1,"1",0,"1",0
1,1,"1",1,"1",1
0,1,"1",0,"1",0
0,1,"0",0,"1",1
0,0,"1",1,"1",1
1,0,"1",1,"0",0
0,1,"1",1,"1",1
1,1,"1",1,"1",0
1,1,"0",0,"1",0
0,1,"0",0,"1",0
0,0,"1",0,"0",1
0,0,"0",0,"1",1
1,1,"1",1,"1",0
0,1,"0",1,"1",0
0,0,"0",0,"1",1
0,0,"0",0,"0",1
0,1,"0",0,"1",0
0,0,"1",0,"1",0
0,0,"0",1,"1",0
1,1,"1",1,"1",0
0,0,"0",0,"1",1
0,0,"0",0,"1",0
1,1,"1",0,"1",0
0,0,"0",0,"1",1
0,0,"0",0,"1",0
0,0,"0",0,"1",0
0,1,"0",0,"1",1
1,1,"1",0,"1",1
0,0,"1",1,"1",1
0,0,"1",0,"1",0
1,1,"1",1,"1",0
0,0,"0",0,"1",1
0,1,"1",0,"1",1
0,0,"1",0,"1",0
0,1,"0",0,"1",0
0,1,"0",0,"0",0
0,1,"0",1,"1",0
0,1,"1",1,"1",1
0,1,"1",0,"1",0
0,0,"1",1,"1",0
1,1,"1",1,"0",0
0,0,"1",0,"1",0
0,0,"1",1,"0",1
0,1,"1",1,"1",0
0,0,"1",0,"0",0
1,1,"0",0,"1",0
0,0,"0",0,"0",1
0,0,"0",0,"1",1
0,0,"1",0,"1",1
0,1,"1",1,"1",1
1,0,"1",1,"1",0
0,0,"0",0,"1",1
1,1,"1",1,"1",0
1,1,"1",1,"1",0
0,0,"1",1,"1",1
0,1,"1",0,"1",0
0,0,"1",1,"0",1
0,0,"1",0,"0",0
0,1,"1",1,"0",0
0,0,"0",0,"1",1
0,0,"0",0,"1",0
0,0,"0",0,"1",0
0,0,"0",0,"1",1
1,0,"1",0,"1",0
0,0,"1",1,"1",1
0,0,"1",0,"1",0
1,1,"1",1,"1",0
0,0,"0",0,"1",0
0,0,"0",0,"1",1
0,1,"1",0,"1",1
0,1,"1",1,"1",0
0,0,"0",0,"1",0
0,1,"0",0,"0",1
0,1,"0",1,"1",1
1,1,"1",0,"0",0
0,1,"0",0,"1",0
1,1,"1",1,"1",0
0,0,"0",1,"1",0
0,0,"1",0,"0",1
1,1,"1",1,"1",0
1,1,"0",1,"1",0
0,1,"1",1,"1",0
0,0,"1",0,"1",0
0,1,"1",1,"1",1
0,0,"1",1,"0",1
0,1,"1",0,"1",0
0,1,"1",0,"1",0
0,0,"0",1,"1",1
1,1,"1",1,"0",0
0,0,"1",1,"1",1
0,0,"1",0,"0",0
1,1,"1",1,"1",1
0,0,"0",1,"1",0
1,1,"1",1,"1",0
0,0,"0",0,"1",1
0,1,"1",0,"1",1
0,1,"1",0,"1",0
0,0,"1",0,"1",0
1,1,"0",1,"1",1
0,0,"0",0,"1",1
0,0,"0",0,"1",1
0,0,"1",0,"1",0
0,0,"0",0,"1",1
0,0,"0",0,"1",1
1,1,"1",1,"1",1
1,1,"1",0,"1",0
1,0,"0",1,"1",0
0,1,"0",1,"0",1
0,0,"1",1,"1",0
0,0,"0",0,"1",0
1,1,"1",1,"1",1
0,0,"0",0,"1",1
0,0,"0",0,"1",1
1,1,"1",0,"1",0
0,1,"1",1,"1",1
0,0,"1",0,"1",1
0,1,"0",1,"1",0
0,1,"1",0,"0",0
0,1,"1",0,"1",0
1,1,"1",0,"1",0
0,1,"1",1,"1",1
0,0,"1",0,"1",1
1,1,"1",1,"1",0
0,1,"1",0,"1",1
0,0,"1",0,"1",0
0,0,"0",0,"1",0
0,0,"1",0,"0",0
0,0,"0",1,"1",1
0,0,"0",0,"1",1
0,0,"1",0,"1",0
0,0,"0",0,"1",0
1,0,"1",0,"1",0
1,1,"0",1,"1",0
1,1,"1",1,"1",0
0,0,"1",0,"1",1
0,0,"1",0,"1",1
0,0,"0",0,"0",0
0,0,"1",0,"0",1
0,0,"1",0,"1",1
0,0,"0",1,"1",0
1,0,"1",0,"1",0
0,0,"1",1,"1",0
1,1,"0",1,"1",0
0,1,"0",1,"1",1
1,0,"1",0,"1",0
0,1,"0",0,"0",1
1,1,"0",1,"1",0
0,1,"0",1,"1",0
0,0,"1",1,"1",1
0,0,"1",0,"1",0
0,1,"1",1,"1",0
0,0,"1",1,"1",1
0,0,"0",0,"0",1
0,0,"0",0,"1",0
0,1,"0",1,"1",0
0,0,"0",1,"0",0
0,1,"0",1,"1",0
0,1,"0",1,"1",0
0,0,"0",0,"0",1
0,1,"0",1,"1",0
0,0,"1",1,"1",1
0,0,"1",0,"1",1
0,0,"0",0,"1",0
0,0,"1",1,"1",1
0,0,"1",1,"1",0
0,0,"1",0,"1",0
0,0,"0",0,"1",0
0,1,"0",0,"1",0
1,0,"1",1,"1",0
0,0,"0",0,"1",1
1,1,"1",1,"1",0
0,0,"1",0,"1",1
0,0,"1",0,"1",0
1,1,"0",1,"1",0
1,1,"1",1,"1",0
0,1,"1",0,"1",1
1,1,"0",1,"1",0
0,1,"0",1,"1",1
1,1,"1",1,"1",1
1,0,"1",1,"1",1
0,0,"1",0,"1",0
0,0,"0",0,"0",1
0,1,"0",1,"1",1
0,0,"0",1,"1",1
0,0,"0",0,"0",0
0,0,"1",1,"0",0
0,1,"1",0,"1",0
1,1,"1",0,"0",0
0,1,"1",0,"1",0
0,0,"0",0,"1",1
0,1,"1",1,"1",1
0,1,"1",1,"1",0
0,0,"1",0,"1",0
1,1,"0",1,"1",0
1,1,"1",1,"1",1
0,0,"1",1,"1",1
0,0,"1",0,"1",1
1,0,"1",0,"1",0
0,0,"1",0,"1",1
0,1,"1",0,"1",0
0,1,"0",0,"1",1
0,1,"0",0,"0",0
0,1,"1",0,"1",1
1,1,"1",1,"1",0
0,0,"0",1,"0",1
1,0,"1",0,"1",0
0,0,"0",1,"1",1
0,0,"0",1,"1",1
1,1,"0",1,"1",0
1,0,"1",0,"1",0
0,0,"0",0,"1",0
0,1,"1",0,"1",0
0,0,"0",0,"1",0
0,0,"0",0,"1",1
0,0,"0",0,"1",1
0,1,"0",0,"0",1
1,1,"1",1,"1",0
0,1,"1",1,"1",0
1,1,"1",1,"1",0
0,1,"1",0,"0",0
0,0,"1",0,"0",0
1,1,"1",1,"1",1
0,0,"0",1,"1",0
0,1,"1",1,"1",1
0,0,"0",1,"1",0
0,0,"1",1,"1",0
0,1,"0",0,"0",1
1,1,"1",1,"1",1
0,1,"0",1,"1",1
0,0,"1",0,"1",1
1,1,"1",1,"0",0
1,1,"1",1,"1",0
0,1,"0",1,"1",0
1,1,"0",1,"1",0
1,1,"0",1,"1",0
0,1,"1",1,"1",1
0,0,"1",1,"1",1
1,1,"1",1,"1",1
0,1,"1",1,"1",1
0,0,"1",0,"1",1
0,0,"1",1,"1",0
0,0,"1",0,"0",0
0,0,"0",1,"1",1
0,0,"1",1,"1",1
0,0,"0",0,"1",0
1,1,"1",0,"1",0
0,0,"0",0,"1",0
0,0,"1",1,"1",0
0,1,"1",0,"1",0
1,0,"1",1,"1",1
1,1,"1",1,"1",0
0,0,"1",0,"1",0
1,1,"1",1,"1",0
0,1,"1",0,"1",0
0,0,"1",1,"1",0
0,0,"0",1,"1",1
0,0,"1",0,"1",0
1,1,"0",0,"1",0
0,0,"0",0,"1",1
1,0,"1",1,"1",0
1,1,"1",1,"1",0
1,0,"1",0,"1",0
0,1,"0",0,"1",0
1,1,"1",1,"1",0
1,1,"1",1,"1",0
0,1,"1",1,"1",1
1,1,"1",1,"1",1
0,0,"1",0,"1",0
0,0,"0",1,"1",1
1,0,"1",1,"1",0
0,1,"1",0,"1",0
0,0,"0",0,"1",0
1,1,"1",0,"1",0
1,0,"1",1,"1",0
0,1,"1",0,"1",1
1,1,"1",1,"1",1
1,0,"1",0,"1",1
0,0,"1",0,"1",0
0,0,"0",0,"1",1
0,0,"1",1,"1",1
0,1,"1",1,"1",0
1,1,"1",1,"1",0
0,1,"0",0,"1",1
0,1,"1",0,"1",0
0,1,"0",1,"1",0
0,0,"0",0,"1",0
1,1,"1",0,"1",1
0,0,"0",0,"1",1
0,1,"1",1,"0",1
1,0,"1",1,"1",0
0,0,"0",0,"1",1
0,1,"1",0,"1",0
1,1,"1",1,"1",0
0,1,"0",1,"1",1
0,0,"0",0,"1",1
1,1,"1",1,"1",1
1,1,"1",0,"1",0
0,1,"1",1,"1",0
1,1,"1",1,"1",0
0,1,"0",0,"1",0
0,0,"0",0,"1",0
0,0,"0",0,"1",1
0,0,"1",1,"1",0
0,0,"1",0,"1",0
0,1,"0",1,"1",1
0,1,"1",1,"1",1
0,0,"0",0,"1",1
0,0,"1",0,"1",1
1,0,"1",1,"1",1
0,1,"0",0,"1",1
0,0,"1",1,"1",1
0,0,"0",0,"1",1
0,0,"0",0,"1",0
0,1,"1",0,"1",1
0,0,"0",1,"1",1
0,0,"0",1,"1",1
0,0,"0",0,"0",0
0,1,"1",1,"0",1
1,0,"1",0,"1",0
0,0,"0",0,"0",1
0,1,"0",0,"1",1
1,0,"0",0,"1",0
1,1,"0",1,"1",0
1,1,"1",1,"1",0
0,0,"0",0,"1",1
0,0,"0",0,"0",1
0,0,"0",1,"0",0
0,0,"0",0,"0",1
1,0,"0",1,"1",0
0,0,"0",0,"0",0
1,0,"0",1,"0",0
0,0,"1",0,"0",0
0,1,"1",1,"1",0
0,0,"1",0,"1",1
0,0,"1",0,"1",0
0,0,"0",0,"1",1
1,1,"1",1,"1",0
1,1,"1",1,"1",0
0,1,"1",1,"1",0
0,0,"0",1,"1",1
0,1,"0",1,"0",1
0,0,"1",1,"1",1
1,1,"1",0,"0",0
0,0,"0",0,"1",1
0,0,"0",0,"1",0
0,1,"1",0,"1",0
0,0,"1",0,"1",0
1,1,"1",1,"1",1
1,0,"1",1,"1",1
0,0,"1",1,"1",0
1,1,"0",1,"1",0
1,1,"1",1,"1",0
0,1,"1",1,"1",0
1,1,"0",1,"1",0
0,1,"1",0,"1",0
0,0,"1",0,"0",0
1,0,"1",1,"1",0
0,0,"1",0,"0",1
0,0,"1",0,"1",0
0,0,"1",0,"1",0
1,1,"0",1,"1",0
0,1,"1",0,"1",0
0,0,"0",0,"1",0
0,0,"1",1,"0",0
1,1,"1",0,"1",0
0,0,"0",1,"1",1
0,0,"1",0,"1",1
1,1,"1",0,"1",0
1,0,"1",1,"1",1
0,1,"0",0,"1",1
0,0,"1",0,"0",0
0,1,"1",1,"1",0
0,1,"1",1,"0",0
0,0,"0",0,"0",0
0,0,"0",0,"1",0
0,1,"0",1,"1",0
0,1,"0",1,"1",0
0,0,"1",0,"0",0
0,0,"0",0,"0",1
0,0,"1",1,"1",1
0,0,"0",1,"1",0
0,1,"1",1,"1",0
0,1,"1",0,"1",0
1,1,"1",1,"1",1
0,0,"1",1,"0",0
0,0,"0",0,"1",0
0,0,"1",1,"1",0
0,1,"1",0,"0",0
0,0,"1",0,"0",0
0,0,"1",0,"0",1
0,1,"0",0,"1",0
1,1,"0",1,"1",0
0,1,"1",0,"1",1
1,1,"1",1,"1",0
1,0,"1",1,"0",1
0,0,"0",1,"1",1
1,1,"0",0,"1",1
0,1,"1",1,"1",0
1,0,"0",1,"1",0
1,1,"1",0,"1",0
1,1,"1",1,"1",0
0,1,"1",0,"1",1
1,0,"1",1,"1",0
0,1,"1",1,"1",1
0,0,"1",1,"1",1
1,1,"1",0,"1",0
0,0,"0",0,"1",1
1,1,"1",1,"1",0
0,0,"1",0,"1",0
1,1,"0",1,"1",0
0,0,"1",1,"0",0
1,1,"1",1,"1",0
0,1,"0",0,"1",0
0,0,"0",0,"1",1
1,1,"1",1,"1",0
0,1,"0",0,"1",1
1,0,"0",0,"1",0
0,1,"0",0,"1",1
1,1,"1",1,"1",0
0,1,"0",0,"1",0
0,1,"1",0,"0",0
0,1,"1",1,"1",1
1,1,"1",1,"1",0
0,0,"0",0,"0",1
1,1,"1",1,"1",0
0,0,"0",0,"1",0
0,0,"0",0,"1",1
1,0,"1",0,"1",1
1,1,"1",0,"1",0
0,1,"0",1,"1",1
0,0,"1",1,"1",0
0,0,"0",0,"1",1
1,0,"1",0,"1",0
0,0,"1",1,"1",1
0,0,"0",0,"0",0
0,1,"0",1,"1",1
0,0,"1",0,"0",0
0,1,"1",1,"1",0
0,0,"0",0,"0",1
0,0,"0",0,"0",0
1,1,"0",1,"1",1
0,1,"1",0,"1",0
0,0,"1",1,"1",1
0,0,"0",0,"1",1
1,1,"1",0,"1",0
0,0,"0",0,"1",0
1,1,"0",0,"1",1
0,0,"1",0,"0",1
0,0,"0",0,"1",1
0,0,"0",1,"1",1
0,0,"1",0,"1",0
0,0,"1",1,"1",1
1,0,"0",1,"1",1
0,1,"0",1,"1",1
0,1,"1",1,"1",1
0,1,"0",0,"0",1
1,1,"1",0,"1",0
0,1,"0",1,"0",0
0,0,"1",1,"1",1
1,1,"1",1,"1",1
0,0,"0",0,"1",1
0,0,"0",0,"1",0
0,1,"1",1,"1",0
0,0,"0",0,"1",0
0,1,"1",0,"0",1
0,1,"0",0,"1",0
0,1,"1",0,"1",0
0,0,"1",0,"1",0
1,0,"1",0,"1",0
0,0,"1",1,"1",1
1,1,"1",1,"1",0
0,0,"1",0,"0",0
0,0,"0",0,"1",1
0,0,"0",1,"1",0
0,0,"1",0,"1",1
0,1,"1",0,"1",1
0,0,"0",0,"1",0
0,0,"0",1,"1",1
1,1,"0",1,"1",0
0,0,"0",1,"1",1
0,0,"0",0,"1",1
1,0,"1",0,"1",0
1,0,"1",0,"1",0
0,0,"0",0,"1",1
0,1,"0",1,"1",1
0,1,"1",1,"1",1
0,1,"0",0,"1",1
0,0,"0",1,"1",0
0,1,"0",0,"1",0
1,0,"1",1,"1",1
0,0,"1",0,"1",1
1,1,"1",1,"1",1
1,0,"1",1,"0",0
0,1,"0",1,"1",0
1,1,"1",1,"1",0
0,0,"0",1,"1",0
1,1,"1",1,"0",0
1,1,"1",0,"1",1
1,1,"1",1,"1",1
1,1,"0",1,"0",1
0,0,"0",1,"1",1
1,0,"0",0,"0",0
0,0,"1",1,"0",1
0,1,"1",1,"1",0
1,1,"1",1,"1",1
0,1,"1",0,"1",0
0,0,"1",0,"0",1
0,0,"0",1,"1",0
0,0,"0",1,"1",0
0,0,"0",1,"1",0
0,0,"1",1,"0",0
1,0,"1",0,"1",1
0,0,"0",1,"1",1
1,0,"1",1,"1",1
0,0,"0",0,"1",1
0,1,"1",1,"1",0
0,0,"1",1,"1",1
0,1,"0",1,"1",1
0,1,"1",1,"1",0
0,1,"0",0,"0",1
0,1,"1",0,"0",0
0,0,"1",0,"0",0
1,1,"1",1,"1",0
0,0,"1",1,"0",0
0,1,"1",1,"1",0
0,0,"0",0,"1",0
0,1,"0",1,"1",1
0,0,"1",1,"0",0
0,1,"1",1,"0",0
0,1,"0",1,"1",0
0,1,"1",1,"1",0
0,0,"1",0,"1",0
0,0,"0",0,"1",0
0,0,"1",1,"0",0
0,1,"1",0,"1",0
0,1,"0",1,"1",0
0,0,"1",1,"1",1
0,1,"1",0,"1",0
1,0,"1",0,"1",0
1,1,"0",1,"1",0
1,1,"1",1,"1",0
1,1,"1",1,"1",0
1,0,"1",0,"1",0
1,1,"1",1,"1",0
0,0,"0",0,"1",1
1,1,"1",1,"0",0
1,0,"1",0,"1",1
0,1,"0",0,"1",1
1,1,"1",1,"1",1
1,0,"1",1,"1",1
0,0,"0",0,"1",0
1,0,"1",1,"1",0
0,1,"1",1,"0",0
1,1,"1",0,"1",0
1,1,"1",1,"1",0
1,1,"1",1,"1",1
1,1,"1",0,"1",0
0,1,"0",1,"0",0
1,1,"1",1,"1",0
0,0,"0",0,"1",0
0,0,"0",1,"1",1
0,0,"1",0,"1",0
0,1,"1",1,"1",1
0,1,"1",1,"1",0
1,1,"1",1,"1",0
1,0,"1",1,"1",0
0,1,"0",0,"1",0
0,1,"0",0,"0",0
1,1,"1",1,"1",1
0,1,"1",1,"1",0
0,0,"1",0,"1",0
0,0,"1",0,"1",0
1,1,"1",1,"1",0
1,1,"1",1,"1",0
1,1,"0",1,"1",1
0,0,"1",0,"1",0
1,1,"1",1,"1",1
0,0,"0",0,"1",0
0,0,"0",1,"1",1
0,1,"0",1,"1",0
0,1,"0",1,"1",0
0,1,"1",1,"1",1
0,1,"1",1,"1",1
0,1,"0",0,"1",0
0,0,"0",0,"1",0
0,0,"0",0,"1",0
1,1,"1",1,"1",0
0,1,"1",0,"1",0
1,1,"1",1,"1",0
0,1,"1",0,"1",0
0,0,"0",0,"0",0
1,1,"1",1,"1",1
0,0,"0",0,"1",0
1,1,"1",1,"1",0
0,1,"0",0,"1",0
0,1,"0",1,"0",0
1,1,"1",1,"1",0
1,0,"1",0,"1",1
0,0,"1",1,"1",1
0,1,"0",0,"1",0
0,1,"1",1,"1",0
0,0,"1",0,"1",0
0,0,"0",1,"1",1
1,0,"0",1,"0",0
1,1,"1",1,"1",1
1,1,"0",0,"1",0
1,0,"0",1,"0",1
1,0,"1",0,"0",0
0,0,"1",1,"1",1
0,1,"1",1,"0",0
0,0,"0",0,"0",0
0,0,"1",0,"1",0
0,0,"0",1,"1",0
0,0,"0",0,"1",1
1,1,"1",0,"1",0
0,0,"1",0,"1",0
0,0,"1",0,"0",1
1,1,"1",1,"1",0
0,1,"1",0,"1",0
0,1,"1",0,"0",0
0,1,"0",1,"0",1
0,1,"0",1,"1",0
0,1,"1",1,"0",0
1,0,"0",0,"1",0
1,1,"1",1,"1",0
0,0,"1",0,"1",0
0,1,"1",0,"1",0
1,1,"1",1,"1",0
1,0,"1",0,"1",0
0,0,"0",0,"1",1
0,1,"0",0,"0",1
0,0,"1",0,"0",0
0,0,"1",0,"0",1
1,1,"1",1,"1",0
0,0,"1",1,"1",1
0,1,"0",1,"0",0
0,1,"1",1,"1",0
0,1,"0",1,"1",0
0,0,"0",0,"1",1
1,1,"1",1,"1",1
0,1,"1",0,"1",0
1,1,"1",1,"1",0
1,1,"1",1,"1",0
1,1,"1",1,"1",0
0,0,"1",0,"0",1
0,0,"1",0,"1",0
1,1,"1",1,"1",0
0,1,"1",1,"1",0
0,0,"1",1,"1",1
0,0,"0",0,"0",0
0,0,"1",0,"1",1
0,1,"1",0,"1",0
1,0,"1",1,"1",1
0,1,"1",0,"1",0
1,1,"0",1,"1",0
0,1,"1",1,"0",1
1,1,"0",0,"1",0
0,1,"1",0,"1",0
0,1,"1",1,"1",1
0,0,"1",1,"0",1
0,0,"0",0,"0",0
0,1,"0",0,"1",0
1,1,"1",1,"1",0
0,0,"1",0,"1",1
0,0,"0",1,"0",1
1,1,"1",0,"1",0
1,1,"1",1,"1",1
1,1,"1",1,"1",1
1,1,"1",1,"1",0
0,0,"1",0,"1",1
1,0,"1",1,"1",1
0,0,"0",0,"0",1
1,0,"0",1,"1",1
1,1,"1",1,"1",0
0,0,"0",0,"1",0
1,0,"1",1,"1",0
0,1,"1",0,"0",0
0,0,"1",0,"1",1
0,0,"1",1,"1",0
0,0,"1",1,"0",0
1,1,"1",1,"1",1
0,0,"0",0,"1",1
0,0,"0",0,"1",1
0,0,"1",0,"1",0
0,0,"1",0,"1",1
1,0,"1",1,"1",1
0,0,"0",1,"1",1
1,1,"1",1,"1",0
0,0,"0",0,"0",1
0,1,"1",1,"0",1
0,0,"1",0,"1",1
0,0,"0",0,"1",0
0,1,"1",1,"1",0
1,1,"1",0,"1",0
1,0,"1",1,"0",0
1,0,"0",1,"1",0
1,1,"0",1,"0",1
0,0,"0",0,"1",0
0,0,"0",0,"1",0
0,1,"1",1,"1",1
0,1,"1",0,"1",1
0,0,"0",1,"1",1
0,1,"0",1,"0",1
0,1,"1",0,"1",0
0,1,"1",0,"0",0
1,1,"1",0,"1",0
1,1,"1",0,"1",0
1,1,"0",1,"1",0
1,1,"1",0,"1",0
0,0,"0",1,"1",1
0,0,"0",0,"0",1
0,1,"1",0,"1",0
0,0,"1",0,"1",0
0,0,"0",0,"1",0
1,1,"0",1,"1",0
0,0,"1",0,"0",1
0,0,"0",1,"1",1
0,0,"1",0,"1",0
0,1,"0",0,"1",1
1,1,"1",1,"1",0
1,1,"1",1,"1",0
0,0,"0",1,"1",1
0,0,"1",0,"1",0
0,1,"0",0,"0",0
0,0,"0",0,"1",1
1,1,"1",0,"1",0
1,1,"0",0,"1",0
0,1,"0",1,"1",0
1,1,"0",0,"1",0
0,1,"1",1,"1",0
0,0,"0",0,"1",1
1,0,"1",1,"0",0
0,0,"1",1,"1",1
0,1,"1",0,"1",0
1,1,"1",1,"0",0
0,0,"0",1,"1",0
0,1,"1",0,"1",0
0,0,"0",0,"0",0
0,1,"0",1,"1",0
0,1,"0",0,"1",0
0,0,"1",1,"1",0
0,1,"1",0,"1",0
1,1,"0",1,"0",0
0,0,"0",0,"1",1
0,1,"0",0,"1",1
0,1,"0",1,"1",0
0,1,"0",0,"1",0
0,1,"1",0,"1",0
0,0,"1",0,"1",0
0,0,"0",1,"1",1
0,0,"1",0,"1",0
1,0,"1",1,"1",1
0,0,"0",1,"1",1
0,1,"1",1,"1",1
0,1,"0",1,"1",1
0,1,"0",1,"1",1
0,0,"0",1,"1",1
0,0,"0",0,"1",0
1,0,"1",1,"1",0
0,0,"1",1,"1",1
0,1,"1",0,"0",1
1,1,"0",0,"1",0
1,1,"0",1,"0",0
0,0,"0",0,"1",0
0,1,"1",0,"1",0
1,1,"1",0,"1",0
0,1,"1",0,"1",0
0,0,"0",1,"1",1
0,0,"1",0,"1",0
0,0,"0",0,"0",0
0,0,"0",0,"1",1
1,1,"0",1,"1",1
0,1,"1",1,"1",1
0,0,"1",0,"1",1
0,1,"0",1,"0",1
0,0,"1",0,"0",0
1,0,"1",1,"1",0
1,1,"1",1,"1",0
0,0,"1",1,"1",1
1,1,"1",0,"0",0
0,0,"0",0,"0",1
0,1,"1",0,"1",0
1,1,"0",1,"1",1
1,0,"1",0,"1",0
1,1,"1",0,"1",0
0,0,"0",1,"0",1
0,0,"1",0,"1",1
0,0,"0",1,"1",1
1,1,"1",1,"1",0
1,0,"1",0,"1",0
0,0,"0",0,"1",1
1,0,"1",1,"1",0
1,1,"1",1,"0",0
1,1,"1",1,"1",0
0,0,"1",1,"0",1
0,0,"1",1,"1",1
0,1,"1",0,"1",0
0,0,"1",1,"1",0
0,0,"0",0,"1",1
0,0,"1",0,"1",0
0,1,"1",1,"1",0
0,0,"0",1,"1",1
1,1,"1",0,"0",0
0,0,"1",1,"0",1
0,1,"0",1,"1",0
0,1,"1",1,"1",0
0,1,"0",1,"0",1
0,1,"0",1,"1",1
1,1,"1",0,"0",0
0,1,"1",1,"1",1
0,0,"0",0,"0",1
1,1,"1",0,"1",0
0,1,"1",1,"0",1
0,0,"1",0,"1",1
1,0,"1",1,"1",0
0,1,"0",0,"0",1
0,0,"1",1,"1",1
1,1,"1",1,"1",0
0,0,"0",0,"1",0
0,0,"0",0,"1",0
0,0,"0",1,"0",0
1,1,"1",1,"0",0
0,1,"0",0,"0",0
0,0,"0",1,"0",0
1,1,"1",1,"1",1
0,1,"1",0,"1",0
0,0,"1",0,"1",1
0,0,"1",0,"1",1
0,1,"1",0,"1",0
1,1,"1",0,"0",0
0,1,"0",0,"0",0
0,0,"1",0,"1",0
0,0,"1",1,"1",0
0,0,"1",0,"1",0
0,0,"0",0,"1",0
1,0,"1",1,"1",0
0,0,"0",1,"1",1
0,0,"0",0,"1",1
1,1,"1",0,"1",0
1,1,"1",1,"1",0
0,0,"0",0,"1",0
0,0,"1",1,"1",1
0,0,"1",1,"0",0
0,0,"0",1,"1",1
0,1,"1",1,"1",0
0,1,"1",0,"1",0
0,0,"1",0,"1",1
0,1,"0",1,"1",0
0,0,"1",0,"1",0
0,0,"0",0,"0",1
0,0,"1",0,"1",1
0,0,"0",0,"1",0
0,0,"1",0,"1",1
0,0,"0",0,"1",1
0,0,"1",1,"1",1
0,1,"0",1,"1",0
0,0,"0",0,"0",0
1,1,"0",1,"1",0
0,1,"0",0,"1",0
1,1,"1",1,"0",0
1,1,"1",1,"1",0
0,0,"1",0,"0",0
0,1,"0",1,"1",1
0,0,"1",1,"0",0
1,1,"0",1,"1",0
0,0,"0",0,"1",1
1,1,"1",1,"1",0
0,0,"1",1,"1",1
1,1,"1",1,"1",1
0,0,"0",0,"1",0
1,0,"1",1,"1",0
1,1,"1",1,"1",1
0,1,"1",0,"1",1
0,0,"0",0,"1",0
0,0,"1",0,"1",0
0,1,"0",0,"1",0
0,1,"1",1,"1",1
0,0,"1",0,"0",0
1,0,"0",0,"0",0
1,1,"1",1,"1",0
1,1,"1",1,"0",0
1,1,"1",1,"1",0
1,0,"1",1,"1",1
1,1,"1",1,"1",1
1,0,"1",1,"1",1
1,1,"1",1,"1",0
0,0,"0",0,"0",0
1,1,"1",1,"1",0
0,1,"0",1,"1",1
0,1,"0",1,"1",1
1,1,"0",1,"1",0
0,0,"0",0,"1",0
0,0,"0",0,"0",0
0,1,"1",0,"1",0
0,0,"0",0,"1",1
0,1,"0",0,"0",0
0,0,"1",1,"1",0
0,0,"1",0,"1",1
0,0,"0",1,"1",1
0,1,"1",1,"1",1
0,1,"0",0,"1",1
1,1,"1",1,"1",0
0,0,"0",0,"1",1
0,0,"0",1,"1",1
0,1,"0",0,"1",0
1,1,"1",1,"1",1
0,0,"0",0,"1",1
0,1,"0",1,"0",1
0,0,"1",0,"1",1
0,0,"0",0,"1",1
0,0,"0",1,"0",1
0,1,"0",1,"1",1
0,1,"1",1,"1",0
0,1,"1",0,"0",1
0,0,"1",1,"1",0
0,0,"0",1,"1",1
0,1,"1",1,"0",1
0,0,"1",0,"1",1
0,0,"0",0,"0",0
1,1,"1",1,"1",0
0,1,"1",0,"1",0
0,0,"0",0,"0",1
0,0,"0",0,"1",1
0,0,"1",1,"0",0
0,0,"0",1,"0",1
0,0,"0",1,"1",1
1,0,"1",1,"1",1
1,1,"1",1,"1",0
0,1,"0",1,"1",0
0,1,"1",1,"1",0
0,1,"0",1,"1",1
1,0,"0",0,"0",0
0,1,"0",1,"1",1
1,1,"1",1,"1",1
0,1,"1",1,"1",0
1,1,"1",1,"1",0
0,0,"1",0,"1",0
0,0,"0",0,"0",1
1,1,"0",0,"1",0
0,0,"0",0,"1",0
0,1,"0",0,"1",1
1,1,"1",1,"1",1
0,0,"0",0,"0",1
0,0,"1",0,"0",0
0,1,"0",1,"0",0
1,1,"0",1,"1",1
0,0,"1",1,"1",0
0,1,"1",0,"1",0
1,0,"1",0,"1",0
0,0,"1",1,"1",1
0,0,"0",0,"1",1
0,1,"1",1,"1",0
0,1,"0",0,"0",1
0,0,"1",1,"1",1
0,0,"1",0,"0",0
1,1,"0",1,"1",0
1,1,"1",1,"0",1
0,1,"0",0,"0",0
0,0,"1",0,"1",0
0,1,"1",0,"1",1
0,0,"0",0,"0",1
0,0,"1",1,"1",1
1,1,"1",1,"1",0
0,0,"0",0,"1",0
0,0,"1",0,"1",0
0,0,"0",0,"1",1
0,0,"1",1,"1",0
0,1,"1",1,"1",0
0,0,"0",0,"1",0
0,1,"1",1,"1",0
0,0,"1",1,"1",0
0,0,"1",0,"1",0
1,0,"1",0,"1",0
0,0,"0",0,"1",1
0,0,"0",0,"1",1
0,1,"0",0,"0",0
1,0,"1",1,"1",1
0,0,"1",1,"1",1
0,0,"1",0,"0",0
1,1,"0",1,"1",1
0,0,"1",0,"1",1
0,0,"0",0,"1",1
0,0,"0",0,"1",0
0,1,"1",1,"0",1
0,1,"0",1,"1",1
0,0,"1",0,"1",0
0,0,"0",0,"1",1
0,1,"0",0,"1",1
0,1,"1",0,"0",1
0,0,"0",0,"0",0
0,1,"0",1,"1",1
1,1,"1",1,"1",0
0,1,"0",0,"1",0
1,1,"1",1,"1",1
1,0,"1",1,"1",1
0,1,"1",1,"1",1
1,1,"1",0,"1",0
0,0,"1",1,"1",1
0,1,"1",0,"1",1
1,1,"0",0,"1",1
1,1,"1",1,"1",0
0,1,"0",0,"1",0
0,0,"1",0,"1",0
1,1,"0",1,"1",0
0,0,"0",1,"1",0
0,0,"1",0,"0",0
1,1,"1",1,"1",0
0,0,"0",0,"1",1
0,1,"1",1,"1",0
1,1,"1",1,"1",1
0,0,"1",0,"1",0
0,0,"0",0,"1",1
0,0,"0",1,"1",1
0,1,"1",0,"1",0
0,0,"0",0,"0",0
0,1,"0",0,"1",0
1,1,"1",1,"1",0
0,0,"1",0,"1",0
0,1,"0",1,"0",0
0,1,"0",1,"1",0
0,0,"1",0,"0",1
0,1,"1",0,"1",0
0,0,"1",0,"1",0
1,1,"1",1,"1",1
1,0,"1",0,"1",0
0,0,"0",0,"1",0
0,1,"1",1,"1",1
0,1,"1",1,"1",0
0,0,"0",1,"1",0
0,0,"0",1,"1",1
1,1,"1",1,"1",0
0,1,"1",0,"1",0
1,0,"1",1,"1",1
0,0,"1",0,"1",0
0,0,"1",0,"1",0
0,1,"1",0,"1",1
1,1,"0",1,"0",0
0,1,"0",1,"1",1
0,0,"0",0,"1",1
1,1,"1",1,"1",0
0,1,"1",1,"0",1
0,1,"1",0,"1",0
0,0,"0",0,"1",1
0,1,"1",0,"0",0
0,0,"0",0,"1",0
0,0,"0",0,"1",0
0,0,"1",0,"1",1
1,1,"1",1,"1",0
1,1,"1",1,"1",0
0,1,"0",1,"1",1
0,0,"1",1,"0",0
1,0,"1",1,"1",1
0,0,"1",1,"1",0
1,1,"0",0,"1",0
1,1,"1",1,"1",1
0,1,"1",0,"1",0
0,1,"0",1,"1",1
0,0,"0",1,"1",0
0,0,"1",0,"1",1
0,0,"0",0,"1",1
0,1,"0",1,"1",0
1,1,"0",0,"0",0
1,0,"0",0,"0",0
0,1,"1",0,"1",0
0,1,"1",1,"1",0
0,1,"1",0,"1",0
0,1,"1",1,"1",0
0,0,"0",1,"1",1
1,1,"0",0,"1",0
0,0,"0",1,"1",1
1,1,"1",0,"1",0
0,0,"0",0,"1",1
0,1,"0",0,"1",0
0,0,"1",0,"0",0
0,1,"0",1,"1",1
0,1,"0",0,"1",0
0,0,"0",1,"1",0
0,0,"0",1,"1",1
0,1,"0",1,"1",1
0,0,"1",0,"1",0
0,0,"0",1,"1",1
0,1,"0",0,"1",0
1,0,"1",1,"1",0
0,1,"0",0,"0",1
0,1,"1",0,"1",0
0,0,"1",1,"1",0
0,0,"0",0,"1",1
0,1,"0",1,"1",0
0,0,"0",0,"0",0
0,0,"0",0,"0",1
0,0,"1",0,"1",0
0,0,"0",0,"1",1
1,1,"1",0,"0",0
0,0,"0",1,"1",1
1,1,"1",1,"1",0
0,0,"0",0,"1",0
0,1,"1",0,"0",0
1,1,"1",1,"1",0
0,0,"1",0,"0",1
0,0,"1",1,"0",1
0,0,"0",0,"1",1
1,0,"0",0,"1",0
0,0,"0",1,"1",0
0,1,"0",1,"1",0
0,1,"0",1,"1",0
0,1,"0",1,"1",1
1,1,"1",1,"1",0
0,0,"1",1,"1",1
1,0,"1",0,"1",0
1,1,"0",1,"1",0
1,1,"1",0,"1",0
0,0,"0",1,"1",1
0,1,"0",1,"1",1
0,0,"0",1,"1",1
1,1,"1",1,"1",0
0,0,"1",1,"1",1
0,0,"0",1,"1",1
1,0,"1",1,"1",0
1,0,"1",0,"1",0
0,1,"1",0,"0",0
1,1,"0",1,"1",0
0,0,"0",1,"1",1
0,0,"0",0,"0",0
0,0,"1",1,"1",1
0,0,"0",1,"1",1
1,1,"1",1,"1",0
0,1,"1",0,"1",0
0,0,"1",1,"1",1
0,0,"0",0,"1",1
1,1,"1",1,"1",0
0,0,"0",0,"0",0
0,1,"1",0,"1",0
0,0,"0",1,"0",0
0,0,"1",0,"1",0
0,0,"1",1,"1",1
0,1,"1",1,"1",0
1,1,"0",1,"1",0
1,1,"1",1,"1",0
1,1,"1",0,"1",0
1,1,"0",1,"1",0
0,1,"0",0,"1",0
0,0,"0",0,"1",0
0,0,"1",1,"1",0
0,0,"1",1,"1",0
1,0,"0",0,"0",0
0,1,"1",0,"1",0
0,0,"0",0,"1",0
0,0,"0",0,"0",0
0,0,"1",0,"0",1
0,1,"1",0,"1",0
0,1,"1",0,"1",1
0,0,"0",1,"0",1
0,1,"1",1,"1",0
1,1,"1",1,"1",1
0,0,"0",1,"0",0
0,0,"1",1,"1",0
0,0,"1",0,"1",1
0,0,"1",1,"1",1
0,0,"0",0,"1",1
0,1,"1",1,"1",0
0,0,"0",0,"1",1
1,0,"1",0,"1",0
0,1,"1",1,"1",1
1,0,"1",0,"1",0
0,1,"1",0,"1",0
0,0,"1",0,"0",0
0,1,"1",0,"1",0
0,0,"0",0,"1",0
0,0,"1",0,"1",0
0,0,"1",0,"1",0
0,0,"1",0,"1",0
0,0,"0",1,"1",1
1,0,"1",1,"1",0
1,1,"1",1,"1",0
0,0,"1",1,"1",0
0,0,"0",1,"0",1
0,0,"1",0,"0",1
0,1,"0",1,"1",0
0,1,"0",0,"1",0
1,1,"0",1,"1",0
1,1,"1",1,"1",0
0,0,"1",0,"0",1
1,1,"0",1,"1",0
0,0,"1",0,"1",1
1,0,"1",1,"1",0
0,0,"0",1,"1",0
0,1,"0",1,"1",1
0,0,"1",0,"1",0
0,0,"0",1,"0",0
1,1,"1",1,"1",0
0,0,"0",0,"0",1
0,0,"1",0,"0",0
0,0,"0",1,"1",1
0,0,"1",0,"1",1
0,1,"0",1,"0",0
1,1,"1",1,"1",0
0,0,"0",1,"1",1
0,0,"0",0,"0",1
0,0,"1",0,"1",0
0,1,"1",1,"1",1
1,1,"1",0,"1",1
0,0,"1",0,"1",0
1,1,"1",0,"1",0
0,0,"1",0,"1",1
0,1,"1",0,"1",0
0,0,"0",1,"1",1
0,1,"0",0,"0",1
0,0,"0",0,"1",1
0,1,"0",1,"1",1
0,0,"1",0,"1",1
0,0,"1",1,"1",1
0,0,"1",0,"1",1
0,0,"0",1,"1",0
0,0,"0",0,"0",1
1,1,"1",1,"1",1
0,0,"0",1,"1",0
0,1,"0",1,"1",1
1,1,"1",0,"1",0
0,0,"1",1,"1",0
1,1,"1",1,"1",0
0,0,"0",0,"1",1
1,1,"0",0,"1",0
1,0,"1",0,"0",0
0,1,"0",0,"0",1
0,0,"1",0,"0",0
0,0,"0",0,"1",0
0,0,"1",0,"0",0
1,0,"1",0,"1",0
0,0,"0",1,"1",0
0,0,"1",0,"1",0
0,1,"0",0,"0",0
1,1,"1",1,"1",0
0,0,"0",0,"1",0
0,1,"0",1,"0",1
0,0,"1",1,"1",1
0,0,"1",0,"0",1
0,1,"1",0,"1",0
1,0,"0",1,"0",0
0,0,"1",0,"0",0
0,0,"1",0,"1",1
0,1,"1",0,"1",0
0,0,"1",0,"1",0
1,1,"1",1,"1",0
0,1,"1",1,"1",1
0,1,"0",0,"1",0
0,1,"1",1,"1",0
0,1,"0",1,"1",1
1,1,"1",1,"1",0
1,1,"1",1,"1",1
0,1,"0",1,"1",0
0,1,"0",1,"1",1
1,1,"0",1,"1",0
0,0,"1",1,"0",1
0,0,"0",1,"0",0
0,1,"1",0,"1",1
0,0,"1",0,"1",0
1,1,"1",1,"1",1
0,0,"1",1,"1",1
0,1,"1",1,"1",0
0,1,"1",1,"1",1
0,0,"1",0,"1",0
1,1,"1",1,"1",0
0,0,"1",0,"0",0
0,0,"1",0,"1",1
0,1,"0",1,"0",1
0,1,"1",1,"1",1
0,0,"0",0,"1",1
1,0,"1",0,"1",0
1,1,"1",1,"1",1
1,1,"1",1,"1",0
1,1,"1",1,"1",0
1,1,"1",1,"1",1
0,1,"1",1,"1",0
1,1,"1",1,"1",0
0,1,"1",0,"1",0
0,0,"1",1,"1",1
1,1,"0",1,"1",0
0,0,"0",0,"1",0
1,0,"1",1,"1",0
0,1,"1",1,"1",0
0,0,"1",1,"1",0
0,1,"0",0,"1",1
1,1,"1",1,"1",0
1,1,"0",1,"0",0
1,1,"1",1,"1",0
0,1,"1",1,"1",1
0,1,"1",0,"1",0
0,0,"1",0,"1",1
0,0,"0",1,"1",1
0,0,"0",0,"0",1
0,0,"0",1,"1",1
0,1,"1",0,"1",0
0,0,"0",0,"1",1
0,0,"1",1,"0",0
0,1,"1",0,"1",0
0,0,"1",1,"1",1
1,1,"1",1,"1",0
1,0,"1",1,"0",0
0,0,"1",1,"0",0
1,1,"0",1,"0",1
0,0,"1",0,"1",1
0,0,"0",1,"0",1
1,1,"0",0,"0",0
1,1,"1",1,"1",0
0,0,"1",1,"1",1
0,1,"1",0,"1",0
0,0,"0",1,"1",0
0,1,"0",0,"1",0
0,0,"1",0,"1",0
0,1,"0",1,"1",0
0,1,"1",1,"1",1
0,0,"1",0,"1",0
0,1,"1",1,"1",0
1,1,"1",1,"1",1
0,1,"1",1,"1",1
1,1,"1",1,"1",0
1,0,"1",1,"1",0
0,0,"0",0,"1",1
1,0,"1",1,"1",0
0,0,"1",0,"0",1
1,1,"1",0,"0",0
1,1,"0",1,"1",1
0,1,"1",1,"1",0
0,1,"0",1,"1",1
1,1,"1",1,"1",1
0,0,"1",0,"0",0
0,1,"1",1,"1",0
0,0,"0",1,"1",1
0,0,"0",0,"0",1
0,0,"1",0,"1",1
0,0,"1",0,"0",1
0,0,"0",0,"0",1
0,1,"1",0,"1",0
0,1,"1",0,"1",0
0,1,"0",0,"0",1
0,0,"0",0,"1",0
0,0,"0",0,"1",0
1,1,"1",1,"1",0
0,0,"0",0,"0",0
0,0,"1",0,"0",1
1,1,"1",1,"1",0
0,0,"0",1,"1",0
0,0,"1",1,"0",1
0,1,"1",0,"1",0
0,0,"0",0,"1",1
0,0,"0",1,"1",0
0,0,"1",0,"0",0
0,1,"0",1,"0",1
0,1,"1",1,"1",0
0,0,"0",0,"1",0
0,1,"0",0,"1",1
0,0,"1",0,"0",0
0,1,"1",1,"1",0
1,1,"1",0,"1",0
1,0,"1",1,"0",0
0,1,"0",0,"1",0
0,0,"0",1,"1",1
0,1,"0",1,"1",0
0,1,"1",0,"1",0
0,1,"1",0,"1",1
0,1,"1",1,"1",1
0,0,"0",0,"1",1
0,1,"0",1,"0",1
0,0,"1",0,"0",0
0,1,"0",0,"1",1
0,0,"1",1,"0",1
1,1,"0",1,"1",0
0,0,"0",0,"1",0
1,1,"1",1,"1",0
0,0,"0",1,"1",1
1,1,"1",1,"1",1
0,0,"0",0,"1",0
0,1,"1",1,"0",0
0,0,"0",0,"1",1
0,0,"0",0,"1",1
1,0,"1",0,"1",0
0,0,"0",0,"1",0
1,1,"1",1,"1",0
0,1,"0",1,"0",1
1,1,"1",0,"1",0
0,0,"1",0,"1",0
0,1,"1",0,"0",0
0,0,"1",0,"0",1
0,0,"0",0,"0",1
0,0,"1",0,"1",1
1,0,"1",0,"1",0
0,0,"1",0,"1",1
0,1,"1",0,"1",1
1,1,"1",1,"1",0
0,0,"1",0,"1",1
0,1,"1",1,"1",1
1,0,"1",0,"0",0
0,0,"1",0,"1",1
1,1,"0",1,"1",0
0,0,"1",0,"1",1
0,0,"1",1,"1",0
0,0,"0",0,"1",0
0,1,"0",0,"1",0
0,0,"1",0,"1",0
0,1,"0",0,"0",0
0,1,"1",0,"1",1
1,1,"1",1,"1",0
0,0,"0",0,"1",0
0,0,"0",0,"0",0
0,1,"1",0,"1",0
0,0,"1",1,"1",1
1,1,"1",1,"1",0
0,0,"0",1,"1",1
0,0,"1",1,"0",1
1,1,"1",0,"1",0
0,1,"0",1,"1",1
1,1,"1",0,"1",0
0,0,"1",1,"0",0
0,0,"0",1,"0",0
1,1,"1",0,"1",0
0,0,"1",0,"0",1
1,1,"1",1,"0",1
0,1,"1",0,"1",1
1,0,"1",0,"1",0
0,1,"0",1,"1",1
0,0,"0",0,"1",0
0,0,"1",0,"1",1
0,0,"1",0,"1",1
1,0,"1",1,"0",0
0,0,"1",0,"0",0
0,1,"1",0,"1",0
0,1,"0",1,"1",0
0,1,"0",0,"0",0
1,1,"1",0,"1",0
1,1,"1",1,"1",0
0,1,"1",1,"0",0
0,0,"1",0,"1",1
0,1,"0",0,"1",1
1,1,"0",1,"1",1
0,0,"0",0,"1",1
0,0,"0",0,"1",1
1,1,"1",1,"1",0
0,0,"0",0,"1",0
0,0,"0",0,"1",0
0,0,"1",1,"1",0
1,0,"1",0,"1",0
0,0,"0",0,"1",1
1,1,"1",1,"1",0
1,0,"0",1,"0",1
0,0,"1",0,"0",1
0,0,"1",1,"1",0
0,0,"0",0,"1",0
1,0,"0",0,"0",0
1,1,"1",1,"1",0
0,0,"1",1,"1",0
0,0,"1",0,"0",0
0,0,"0",0,"0",0
1,1,"1",1,"1",1
0,0,"1",0,"0",1
0,0,"0",1,"1",0
0,0,"1",0,"0",0
0,0,"0",0,"0",0
1,1,"0",0,"1",0
0,0,"1",0,"1",0
0,1,"1",1,"1",0
1,1,"1",0,"1",1
0,1,"1",0,"0",1
0,0,"1",0,"1",0
1,1,"1",1,"1",0
1,1,"1",1,"1",0
1,0,"0",0,"0",0
0,1,"0",1,"1",1
0,1,"1",0,"0",0
0,1,"0",0,"1",0
0,1,"0",0,"0",1
1,1,"1",1,"1",0
1,0,"1",1,"1",0
0,0,"0",0,"0",1
1,1,"1",1,"1",0
0,0,"0",0,"0",1
1,0,"1",1,"1",1
0,0,"0",0,"0",0
1,1,"1",1,"1",0
0,0,"0",0,"1",1
1,0,"1",0,"1",0
0,0,"1",0,"0",0
0,0,"0",0,"1",1
1,1,"1",1,"0",1
0,0,"1",1,"1",1
0,0,"1",1,"1",1
0,0,"0",1,"0",1
0,1,"0",1,"1",0
0,1,"1",0,"1",0
0,0,"0",1,"1",0
0,0,"1",0,"1",0
1,0,"0",0,"1",1
0,0,"0",0,"0",1
0,1,"1",1,"1",1
0,1,"0",1,"1",1
0,1,"1",0,"1",0
0,0,"1",0,"1",0
1,1,"1",0,"1",0
1,1,"1",1,"1",0
0,0,"0",0,"1",0
1,0,"1",1,"1",0
0,0,"1",0,"0",0
0,1,"0",0,"0",1
0,0,"1",0,"1",0
1,1,"1",1,"1",1
0,1,"1",0,"1",0
0,0,"0",1,"1",0
1,1,"0",1,"0",0
0,1,"0",0,"1",0
0,1,"0",1,"0",1
0,1,"1",1,"1",1
0,1,"1",0,"1",0
1,0,"1",1,"0",0
1,1,"0",0,"1",1
1,1,"0",1,"1",0
0,1,"0",0,"1",0
0,0,"1",0,"0",0
0,0,"0",1,"1",1
0,1,"0",0,"1",0
0,0,"1",1,"1",0
0,0,"1",0,"1",0
1,1,"1",1,"1",0
0,0,"1",0,"0",0
1,0,"0",1,"1",0
1,0,"0",0,"1",0
0,0,"1",1,"0",1
0,1,"0",0,"1",1
1,1,"1",1,"1",0
0,0,"0",0,"0",1
1,0,"0",0,"1",0
1,1,"1",1,"1",1
0,0,"1",0,"0",1
0,1,"0",1,"1",1
0,1,"1",0,"1",0
0,0,"1",0,"1",0
0,0,"1",1,"1",0
0,0,"0",0,"1",1
0,1,"1",0,"1",0
1,0,"1",0,"0",0
0,0,"1",0,"0",0
1,1,"1",1,"1",0
1,1,"1",1,"1",0
1,1,"1",1,"1",0
0,0,"1",0,"1",0
0,1,"1",0,"0",0
0,0,"1",1,"1",1
0,0,"1",0,"1",1
0,0,"1",0,"1",0
1,1,"1",1,"1",0
0,1,"0",0,"1",0
0,1,"1",0,"1",1
0,0,"0",0,"1",1
0,0,"1",0,"1",0
1,1,"0",1,"1",0
0,0,"1",0,"0",0
0,1,"1",0,"1",0
0,0,"0",0,"0",0
0,0,"0",1,"1",1
0,1,"1",0,"0",1
0,1,"1",1,"0",0
0,0,"0",0,"0",1
1,1,"1",1,"1",0
0,1,"1",1,"0",0
0,0,"1",0,"1",0
0,1,"0",0,"1",0
0,0,"0",1,"1",1
0,0,"1",0,"1",0
1,1,"1",1,"1",0
1,1,"1",1,"1",0
0,0,"1",0,"0",0
1,1,"1",0,"1",0
0,0,"0",1,"0",1
0,0,"0",0,"1",0
0,1,"1",1,"1",0
0,1,"1",1,"1",0
1,1,"1",1,"1",0
0,0,"0",0,"1",0
0,0,"0",0,"1",0
1,1,"1",1,"0",0
0,1,"0",0,"1",1
0,0,"1",1,"1",1
0,1,"1",1,"1",0
0,1,"1",0,"0",0
0,1,"1",1,"1",0
0,0,"1",0,"1",0
0,1,"1",1,"1",1
0,0,"0",1,"1",0
1,1,"0",1,"0",0
0,0,"1",1,"0",0
1,1,"1",1,"1",1
0,1,"1",1,"1",1
0,0,"1",1,"1",1
0,0,"1",0,"1",0
0,0,"0",0,"1",0
0,1,"0",0,"1",0
0,1,"1",0,"1",0
0,0,"0",1,"1",0
1,0,"0",1,"1",0
0,1,"1",0,"0",0
0,0,"1",1,"1",1
0,1,"1",0,"1",1
0,1,"0",1,"1",1
1,1,"1",1,"1",0
0,0,"0",0,"0",1
1,0,"1",1,"1",0
0,1,"0",1,"1",0
1,1,"1",1,"1",0
0,1,"0",1,"0",1
1,0,"0",0,"1",0
0,1,"1",0,"1",0
0,0,"1",0,"1",0
0,0,"1",0,"1",0
0,1,"1",0,"1",0
0,0,"1",0,"1",1
0,0,"1",0,"1",1
0,0,"0",0,"1",1
1,0,"1",1,"0",1
0,1,"0",0,"1",0
0,1,"1",1,"1",0
1,1,"0",1,"1",0
1,1,"0",1,"0",0
0,1,"0",0,"0",0
1,1,"1",1,"1",0
1,0,"0",1,"1",0
0,0,"0",0,"0",1
0,0,"0",0,"0",0
0,0,"0",1,"1",1
1,1,"1",1,"1",0
0,0,"1",1,"1",0
1,1,"1",1,"1",0
0,0,"0",0,"0",0
0,1,"0",1,"1",1
1,1,"1",1,"1",0
0,1,"1",1,"1",0
0,0,"0",0,"1",1
0,1,"0",1,"1",1
1,1,"1",1,"1",1
0,1,"1",0,"1",0
1,0,"1",1,"1",0
0,0,"0",0,"1",1
0,0,"1",1,"1",0
0,1,"0",1,"1",1
0,1,"1",0,"1",0
1,0,"1",1,"0",0
0,0,"0",0,"0",1
0,1,"0",1,"1",1
0,1,"1",1,"1",1
1,1,"1",1,"1",0
0,0,"1",0,"0",1
0,0,"0",0,"1",1
0,0,"1",0,"1",1
1,0,"1",1,"1",0
0,1,"1",0,"1",0
0,0,"0",0,"1",0
1,1,"1",0,"0",0
0,0,"1",0,"1",0
0,0,"0",0,"1",1
0,0,"1",1,"1",1
0,1,"0",1,"1",0
0,1,"1",1,"1",0
0,1,"1",1,"1",1
0,1,"1",1,"1",0
0,0,"0",0,"1",1
0,0,"1",0,"0",0
0,0,"1",1,"0",1
0,0,"0",0,"1",0
0,0,"0",1,"1",1
0,0,"0",0,"1",1
0,1,"1",1,"1",1
1,1,"1",1,"1",0
0,0,"0",0,"0",1
1,1,"1",1,"1",1
0,1,"0",0,"1",0
0,0,"1",1,"1",1
0,0,"0",0,"1",1
0,1,"1",0,"1",0
0,0,"1",0,"1",0
0,0,"1",0,"1",0
0,0,"1",0,"1",1
0,0,"0",1,"1",0
1,1,"0",0,"1",0
1,0,"1",0,"1",0
1,1,"1",1,"1",1
0,1,"1",1,"0",0
1,1,"1",1,"1",0
0,0,"1",1,"1",0
0,1,"0",1,"0",0
0,0,"1",1,"1",1
0,1,"1",0,"1",0
0,1,"1",1,"1",0
0,1,"0",1,"1",1
0,0,"0",1,"1",1
0,1,"0",1,"1",0
1,0,"1",1,"1",1
0,0,"0",1,"1",1
0,0,"0",0,"0",1
0,0,"1",1,"1",0
0,0,"1",0,"0",0
0,1,"1",1,"1",0
1,1,"1",1,"1",0
0,0,"0",1,"1",0
0,1,"1",1,"0",0
1,0,"1",0,"0",0
1,1,"1",1,"0",0
0,1,"0",0,"1",0
0,1,"1",1,"1",0
0,1,"0",0,"1",0
1,1,"1",1,"1",0
0,0,"0",1,"1",0
0,0,"1",1,"1",1
0,0,"0",0,"1",0
0,0,"0",0,"0",1
0,0,"0",0,"0",1
0,0,"1",1,"1",1
0,0,"0",0,"0",1
0,0,"0",1,"1",1
0,1,"1",0,"1",0
0,1,"1",1,"1",1
0,0,"0",0,"1",1
1,0,"1",1,"0",0
0,0,"0",1,"1",0
1,1,"1",1,"1",0
0,0,"0",1,"1",0
0,1,"1",1,"1",0
1,1,"1",1,"1",0
1,0,"1",1,"0",1
1,0,"1",1,"1",0
0,0,"1",0,"0",1
1,1,"1",1,"1",0
0,1,"1",1,"1",1
1,1,"1",1,"1",1
0,0,"0",0,"1",0
0,1,"0",1,"1",1
0,0,"0",1,"1",0
1,1,"0",1,"1",0
0,1,"1",1,"1",0
1,0,"1",1,"1",0
0,1,"0",1,"1",0
1,1,"0",1,"1",0
0,0,"1",0,"1",0
0,1,"1",1,"1",1
0,0,"0",0,"1",0
1,0,"1",1,"1",0
0,0,"1",0,"1",1
0,1,"1",1,"0",0
0,1,"0",0,"0",0
1,1,"1",1,"1",0
0,1,"1",1,"1",0
1,1,"1",1,"1",0
0,1,"1",0,"1",0
0,1,"0",0,"0",0
0,1,"1",0,"1",0
0,1,"0",0,"1",1
0,0,"0",0,"1",0
0,1,"1",1,"1",0
0,1,"1",0,"1",0
1,0,"1",0,"0",0
0,0,"1",0,"1",1
0,0,"0",1,"0",1
0,0,"0",1,"0",1
0,0,"0",0,"1",0
1,1,"1",1,"0",0
0,0,"0",1,"1",0
0,1,"1",1,"1",0
1,0,"1",1,"1",1
1,1,"1",1,"1",1
0,1,"1",1,"1",0
0,1,"1",1,"1",1
0,0,"1",0,"0",1
1,1,"1",1,"1",0
0,1,"0",1,"1",0
0,1,"0",0,"1",1
1,1,"1",1,"1",0
0,0,"0",1,"1",1
1,1,"1",0,"1",0
0,0,"1",1,"1",1
1,1,"1",0,"1",0
1,1,"1",1,"1",1
0,0,"1",1,"0",0
0,1,"0",1,"1",0
1,1,"0",1,"0",0
1,1,"1",0,"1",0
0,0,"0",0,"1",1
1,0,"1",1,"1",0
0,1,"0",0,"1",0
1,1,"1",1,"1",0
0,0,"0",0,"0",1
1,0,"1",0,"1",0
0,1,"0",0,"1",0
0,0,"0",0,"1",1
0,0,"1",0,"1",0
1,1,"1",0,"1",1
0,0,"1",0,"1",1
0,0,"1",0,"1",0
0,0,"1",1,"1",0
1,0,"1",1,"1",0
1,1,"0",0,"1",0
0,0,"0",1,"1",0
0,0,"1",0,"0",0
1,1,"0",1,"0",0
0,1,"1",0,"1",1
0,0,"1",1,"1",0
0,0,"1",0,"0",0
0,0,"1",0,"1",0
0,0,"0",0,"1",1
1,0,"1",0,"0",0
0,0,"1",0,"0",0
1,1,"1",1,"1",1
1,1,"1",1,"1",0
0,1,"1",0,"1",1
1,0,"1",0,"1",0
1,1,"1",1,"1",0
1,1,"1",1,"1",0
0,1,"0",1,"1",1
0,1,"1",1,"1",0
0,0,"0",0,"1",0
0,0,"0",0,"1",0
1,1,"0",1,"1",1
0,1,"1",1,"1",0
0,0,"0",0,"1",1
0,0,"1",1,"1",1
1,0,"1",0,"1",0
0,1,"1",1,"1",1
1,0,"0",0,"1",0
1,1,"0",0,"1",0
0,1,"1",1,"1",0
1,1,"1",1,"0",0
0,0,"0",0,"1",1
1,1,"1",0,"1",0
0,0,"1",0,"0",0
0,1,"1",0,"0",0
1,0,"0",1,"1",1
1,0,"0",0,"1",0
1,1,"1",0,"1",0
0,0,"0",0,"1",1
0,0,"1",0,"0",0
0,1,"0",1,"1",1
0,0,"1",0,"1",0
0,0,"1",0,"1",0
1,1,"1",0,"1",0
0,1,"1",0,"1",0
0,0,"0",1,"1",1
1,1,"1",0,"1",0
1,1,"1",0,"1",1
0,0,"1",0,"0",1
0,0,"1",0,"1",0
0,1,"1",1,"1",1
0,1,"1",0,"1",0
0,1,"0",0,"1",0
1,0,"1",1,"0",1
0,1,"1",1,"1",0
0,1,"0",0,"1",1
0,0,"0",0,"1",1
1,1,"1",1,"1",0
0,0,"0",1,"1",1
1,1,"1",1,"0",1
0,0,"0",1,"1",0
1,0,"0",1,"1",0
0,0,"0",0,"0",1
0,0,"1",0,"1",1
0,1,"1",0,"1",0
0,0,"0",0,"0",1
0,0,"0",0,"1",0
0,0,"0",1,"1",1
1,1,"0",1,"1",0
1,0,"0",1,"1",0
0,0,"1",0,"1",0
0,0,"0",0,"0",0
0,0,"1",0,"1",1
0,0,"1",0,"1",0
0,1,"0",1,"1",1
1,1,"1",1,"1",0
1,1,"1",0,"1",0
0,0,"1",1,"0",1
0,1,"1",0,"1",0
1,1,"1",1,"1",0
0,1,"1",1,"1",0
1,1,"1",1,"1",0
0,0,"1",1,"1",0
1,1,"1",1,"1",0
0,0,"0",0,"1",1
0,1,"1",0,"1",1
0,1,"0",1,"1",1
0,0,"1",0,"0",0
1,1,"0",1,"1",1
0,1,"0",1,"1",1
0,0,"1",0,"1",0
0,0,"1",0,"1",1
1,1,"1",1,"1",0
0,1,"0",0,"1",0
0,0,"1",0,"1",1
0,0,"0",0,"1",1
0,0,"1",0,"0",1
0,0,"1",0,"1",0
1,1,"0",0,"1",1
1,0,"1",1,"1",0
0,1,"1",0,"1",1
0,0,"1",1,"1",1
0,0,"1",0,"1",0
0,1,"1",1,"1",1
0,1,"0",0,"1",1
1,1,"1",1,"1",0
1,1,"1",1,"1",0
0,0,"1",0,"1",1
0,0,"0",0,"1",0
0,0,"1",0,"1",0
1,1,"0",1,"0",1
0,0,"0",0,"0",1
0,0,"0",0,"1",1
0,0,"1",0,"1",1
1,1,"1",1,"1",0
0,0,"1",0,"1",1
0,1,"1",0,"1",0
1,1,"0",0,"1",0
0,0,"0",0,"0",0
1,1,"1",1,"1",0
0,1,"0",1,"1",1
1,1,"1",1,"0",0
1,0,"1",0,"1",1
1,1,"1",1,"1",0
0,1,"0",1,"1",1
0,0,"0",1,"1",1
1,1,"1",1,"1",0
0,0,"1",0,"1",1
0,0,"1",0,"1",0
1,1,"1",1,"1",0
0,1,"1",0,"1",0
1,1,"1",1,"1",0
0,1,"1",1,"1",0
1,0,"1",0,"1",0
0,0,"0",1,"0",1
1,1,"0",1,"1",0
0,0,"1",0,"1",0
0,0,"1",0,"1",0
0,1,"1",1,"1",1
1,1,"1",1,"1",0
0,1,"1",0,"1",1
0,1,"1",0,"0",0
1,1,"1",1,"0",0
0,0,"1",0,"1",1
0,0,"0",1,"1",1
1,1,"1",1,"1",0
0,1,"0",1,"1",0
0,1,"1",1,"1",0
0,1,"1",0,"1",0
0,0,"0",0,"0",1
0,0,"1",1,"1",0
0,0,"0",0,"1",0
0,0,"0",1,"1",0
0,0,"1",1,"1",1
1,1,"1",0,"1",0
0,1,"0",1,"1",1
1,0,"0",0,"1",0
1,1,"0",1,"1",0
0,0,"1",0,"1",1
0,1,"0",1,"1",0
1,1,"1",0,"1",0
1,1,"1",1,"0",0
1,1,"0",0,"1",0
0,0,"1",1,"1",1
1,1,"0",1,"0",0
0,0,"0",0,"1",1
0,0,"1",1,"1",0
0,1,"1",0,"1",0
1,1,"0",1,"0",0
0,0,"1",1,"1",1
0,1,"1",1,"1",1
1,1,"1",0,"1",0
1,1,"1",1,"1",0
0,0,"1",1,"1",0
0,1,"1",1,"1",0
1,1,"1",1,"1",0
1,1,"1",0,"1",0
0,0,"1",1,"0",0
0,0,"0",0,"0",0
1,1,"1",1,"1",0
1,1,"1",1,"1",0
0,1,"1",1,"1",0
0,0,"0",1,"1",1
1,1,"0",1,"1",0
0,1,"1",1,"1",1
1,1,"0",0,"0",1
0,0,"0",0,"1",1
1,1,"1",1,"1",0
0,0,"1",1,"1",0
0,1,"0",1,"0",1
0,0,"0",0,"1",1
1,1,"1",1,"1",0
0,1,"1",1,"1",0
1,0,"0",0,"1",0
1,1,"0",0,"0",1
1,1,"1",1,"1",0
0,1,"1",1,"0",0
0,1,"1",1,"1",1
0,0,"1",0,"1",0
0,1,"1",1,"1",1
0,0,"0",0,"1",1
0,1,"1",0,"1",0
0,0,"1",1,"1",1
0,0,"0",0,"1",1
0,0,"0",0,"1",0
0,0,"0",0,"0",0
0,1,"1",1,"1",1
1,1,"0",0,"0",0
0,0,"1",1,"0",1
0,0,"1",1,"1",1
0,0,"1",0,"0",1
0,1,"1",1,"0",0
0,1,"1",0,"1",0
0,1,"0",0,"1",0
0,0,"1",0,"1",0
0,1,"0",1,"1",1
0,1,"0",0,"1",1
1,0,"1",1,"1",0
0,1,"1",1,"1",1
1,0,"1",0,"1",0
0,0,"0",0,"0",1
1,1,"1",0,"1",0
0,1,"0",0,"0",0
0,0,"1",1,"1",1
0,0,"0",0,"1",1
0,0,"1",0,"0",1
1,0,"1",0,"0",0
0,1,"1",1,"1",0
1,1,"1",1,"1",0
0,0,"1",1,"1",1
0,0,"1",1,"1",0
0,1,"0",0,"1",0
1,0,"1",1,"1",0
0,0,"0",0,"1",1
0,0,"1",0,"1",0
1,0,"1",0,"1",0
1,1,"1",1,"1",0
0,0,"1",0,"1",0
0,0,"1",1,"1",1
1,1,"0",1,"1",1
0,0,"0",0,"1",1
0,1,"0",1,"1",0
0,0,"1",1,"1",0
0,0,"1",0,"1",0
0,1,"0",1,"1",1
1,1,"1",1,"0",1
0,0,"0",1,"1",1
0,0,"0",1,"1",0
0,0,"0",0,"1",0
0,0,"1",0,"1",0
0,0,"0",0,"0",1
1,1,"1",1,"1",0
0,0,"0",1,"1",1
0,1,"0",0,"0",1
0,0,"1",0,"0",1
0,0,"1",0,"1",0
1,1,"1",1,"1",0
0,1,"1",1,"1",1
0,1,"0",1,"1",0
0,0,"0",0,"0",0
0,0,"1",0,"1",0
0,1,"1",0,"1",1
1,1,"0",1,"1",0
1,0,"1",0,"1",0
0,1,"0",1,"1",1
1,0,"0",1,"1",1
0,0,"1",1,"1",0
0,0,"1",0,"1",1
0,1,"1",0,"0",0
1,1,"0",1,"1",0
0,1,"1",1,"1",1
1,1,"1",1,"1",1
0,1,"1",0,"0",0
1,0,"1",1,"1",1
0,0,"0",0,"1",1
0,1,"0",1,"1",0
1,0,"1",1,"1",0
0,0,"1",0,"1",0
1,1,"1",1,"1",0
0,0,"0",0,"1",0
0,1,"1",1,"1",1
0,1,"1",1,"1",0
1,1,"0",1,"1",1
0,0,"0",0,"0",1
0,0,"0",1,"1",1
0,1,"1",1,"1",0
0,0,"1",1,"1",1
0,1,"1",1,"0",0
0,1,"1",0,"1",1
0,1,"0",0,"1",1
1,1,"0",0,"0",0
1,1,"1",1,"1",0
1,1,"1",1,"1",1
0,0,"0",0,"1",1
1,1,"1",1,"1",0
0,0,"1",0,"0",1
0,0,"0",0,"1",1
0,0,"1",0,"1",0
1,1,"0",1,"1",0
1,1,"1",1,"1",0
0,0,"1",1,"1",0
0,0,"0",1,"1",0
0,0,"0",0,"1",1
0,0,"0",0,"0",0
1,1,"1",1,"1",0
0,0,"1",1,"1",1
0,0,"1",0,"1",1
0,0,"0",1,"1",1
0,0,"0",0,"1",1
0,0,"0",1,"1",0
1,1,"1",1,"1",1
0,0,"0",1,"1",1
0,1,"1",1,"1",0
0,1,"0",1,"1",0
1,0,"0",1,"1",0
1,1,"1",1,"1",0
0,0,"0",0,"0",1
1,1,"1",1,"1",1
1,1,"1",0,"1",0
0,1,"0",0,"1",1
0,1,"0",0,"1",1
0,1,"1",0,"1",1
0,0,"1",0,"0",1
0,0,"0",0,"1",1
0,1,"0",1,"1",1
0,1,"1",1,"1",0
0,0,"1",0,"0",0
0,0,"0",0,"1",0
0,1,"1",1,"1",0
0,0,"1",1,"0",1
1,1,"1",1,"1",0
0,1,"1",0,"1",1
0,0,"0",0,"0",1
0,0,"0",0,"0",0
1,1,"1",1,"1",0
0,0,"1",0,"0",1
1,1,"1",1,"1",0
0,0,"0",0,"1",0
0,1,"0",0,"1",0
0,0,"1",1,"1",0
0,0,"1",1,"1",0
1,0,"1",1,"1",1
0,0,"0",0,"1",0
1,1,"1",1,"1",0
0,0,"1",0,"1",1
0,0,"1",0,"1",0
0,1,"1",0,"1",1
1,1,"0",0,"1",0
0,1,"0",0,"1",1
0,0,"1",0,"1",0
1,1,"1",1,"1",0
0,0,"0",0,"1",0
0,1,"1",0,"1",0
1,1,"1",0,"1",0
1,0,"1",0,"1",0
1,1,"1",1,"1",0
0,0,"0",0,"1",1
0,0,"0",1,"1",0
0,0,"0",0,"1",1
1,0,"1",0,"1",0
0,0,"0",0,"1",1
0,0,"0",0,"1",0
0,0,"1",0,"0",0
0,1,"1",0,"1",0
0,0,"1",1,"1",0
0,1,"1",0,"0",0
0,0,"1",0,"1",0
0,0,"0",0,"1",1
0,1,"1",0,"1",0
0,1,"0",0,"0",1
0,0,"1",0,"1",0
0,1,"0",0,"1",0
1,0,"1",0,"1",0
0,1,"0",1,"1",1
0,1,"0",1,"1",1
0,1,"1",1,"1",1
1,1,"1",0,"1",0
1,0,"0",1,"1",0
0,0,"0",0,"1",1
0,0,"1",0,"1",0
0,1,"1",0,"1",0
1,0,"1",1,"1",1
0,1,"0",1,"1",1
0,1,"0",1,"1",1
1,1,"1",1,"1",0
1,0,"1",1,"1",1
0,1,"0",0,"1",1
0,1,"0",1,"1",0
0,0,"0",0,"1",1
0,0,"0",0,"1",0
0,1,"1",0,"0",0
0,0,"1",1,"1",0
0,0,"0",0,"0",0
0,1,"1",1,"1",0
0,1,"0",0,"1",0
1,0,"0",1,"0",0
0,0,"0",0,"1",1
0,1,"0",1,"1",1
0,0,"0",1,"1",1
0,0,"1",1,"1",0
0,1,"1",1,"0",0
1,1,"1",1,"1",0
1,0,"1",1,"1",0
0,0,"1",0,"0",1
0,0,"0",0,"0",1
0,0,"1",0,"1",0
1,1,"0",1,"1",0
0,1,"0",1,"0",0
0,0,"1",0,"1",0
0,1,"1",1,"1",0
1,0,"1",1,"1",0
1,1,"1",1,"1",0
0,0,"1",0,"1",1
0,1,"0",0,"1",1
0,1,"1",0,"1",0
0,0,"1",0,"1",1
0,0,"0",1,"1",1
1,1,"1",1,"0",0
0,1,"1",1,"1",1
0,0,"1",1,"1",1
0,0,"0",1,"0",1
0,1,"0",1,"0",0
1,1,"1",1,"1",0
0,1,"1",1,"1",0
1,1,"0",1,"0",0
0,0,"1",1,"1",1
1,1,"1",1,"1",0
1,1,"1",1,"1",0
0,0,"0",0,"0",1
0,0,"0",0,"1",0
0,0,"1",1,"1",0
1,0,"0",1,"0",0
1,1,"1",1,"1",1
0,0,"1",1,"0",1
1,1,"1",1,"1",0
0,0,"1",1,"1",0
0,0,"0",0,"0",0
0,0,"1",0,"1",0
1,0,"1",1,"1",0
0,1,"1",1,"1",0
0,0,"1",1,"1",1
1,1,"1",1,"0",1
1,1,"1",0,"1",0
0,1,"0",1,"1",0
1,1,"0",1,"1",0
0,0,"0",0,"1",1
0,0,"0",0,"1",1
0,0,"1",1,"1",0
1,1,"1",0,"1",0
0,1,"1",0,"0",0
1,1,"0",1,"1",0
0,0,"1",1,"1",0
0,1,"0",0,"0",0
0,1,"1",0,"1",0
0,0,"1",0,"0",0
1,1,"0",0,"1",1
1,1,"1",1,"1",0
1,0,"1",1,"1",1
0,1,"0",1,"1",0
0,0,"1",0,"1",0
1,1,"1",1,"1",0
0,0,"0",1,"1",1
0,0,"0",1,"1",1
1,1,"1",1,"1",1
0,1,"0",1,"0",0
0,0,"1",0,"1",1
0,0,"1",0,"1",0
0,0,"0",0,"1",1
0,1,"1",0,"1",0
1,1,"1",1,"1",0
1,1,"1",1,"1",0
1,1,"0",1,"1",1
0,1,"1",0,"1",0
0,0,"1",1,"1",1
1,1,"0",1,"1",0
0,1,"0",0,"1",0
0,0,"0",0,"1",0
0,0,"1",1,"1",0
0,0,"1",0,"0",0
1,0,"0",0,"1",1
0,0,"1",0,"1",1
1,0,"1",0,"0",0
1,1,"0",1,"0",0
0,0,"1",0,"1",0
1,1,"0",0,"0",0
0,1,"1",1,"1",1
0,0,"0",0,"1",1
0,1,"0",1,"0",1
1,1,"1",1,"1",0
1,1,"1",0,"1",0
0,0,"1",0,"1",0
0,0,"1",1,"1",1
1,1,"0",1,"0",0
0,0,"0",1,"1",1
0,1,"0",1,"1",0
0,0,"0",0,"1",0
0,0,"1",1,"1",1
0,0,"1",0,"1",0
0,0,"0",1,"1",1
0,0,"0",0,"1",0
0,0,"1",0,"1",0
0,0,"1",0,"1",0
0,1,"1",1,"1",0
0,0,"1",0,"1",1
0,1,"1",1,"1",0
0,1,"1",1,"1",0
1,1,"1",1,"1",0
1,1,"0",0,"0",0
0,0,"0",1,"0",0
0,0,"1",1,"1",0
1,0,"0",1,"1",0
0,1,"1",1,"1",1
0,0,"1",1,"0",0
0,1,"0",0,"1",0
1,1,"1",1,"0",1
1,0,"0",1,"1",1
0,0,"1",1,"1",1
1,1,"1",1,"1",0
0,0,"0",0,"0",0
0,1,"0",0,"1",0
1,1,"1",0,"1",0
1,1,"1",1,"1",0
0,0,"1",0,"1",0
0,1,"0",1,"1",0
1,1,"1",1,"1",0
0,0,"1",0,"1",0
0,0,"0",0,"1",0
0,0,"1",0,"0",1
0,1,"1",0,"1",0
1,1,"1",0,"1",0
0,1,"1",1,"1",0
0,0,"1",1,"1",0
1,0,"1",0,"0",0
0,1,"0",1,"0",1
0,0,"1",0,"1",0
0,0,"1",0,"1",0
0,0,"1",0,"1",0
0,1,"0",1,"0",1
0,1,"1",0,"1",1
0,0,"1",1,"1",0
1,1,"1",0,"1",0
0,1,"0",0,"1",0
0,0,"0",0,"1",0
0,0,"0",0,"0",1
1,1,"1",1,"1",0
0,1,"1",0,"1",0
0,1,"1",1,"1",1
0,0,"0",1,"1",1
1,1,"1",1,"1",0
0,1,"1",1,"1",0
0,1,"0",0,"1",1
0,0,"1",1,"1",0
0,0,"0",0,"0",1
0,0,"1",0,"1",0
0,1,"1",0,"1",0
0,0,"0",1,"0",1
0,1,"0",1,"1",0
0,0,"1",0,"1",1
1,1,"1",1,"1",0
0,0,"1",1,"1",1
0,0,"0",0,"1",0
0,1,"1",1,"1",1
1,1,"1",1,"1",0
0,0,"1",0,"0",0
0,0,"1",1,"1",1
1,1,"1",0,"1",0
0,0,"1",0,"1",1
0,0,"1",1,"1",0
0,0,"0",1,"1",1
0,1,"1",1,"1",0
1,1,"1",1,"1",0
0,0,"0",1,"1",0
0,0,"0",1,"1",1
0,0,"1",1,"1",0
0,0,"0",0,"1",0
0,0,"1",0,"1",0
1,1,"1",0,"1",0
0,0,"1",0,"1",0
1,1,"0",1,"1",0
0,0,"1",0,"1",0
1,1,"1",1,"1",0
0,1,"0",1,"1",0
0,0,"1",0,"1",1
0,0,"1",0,"1",1
0,1,"1",1,"1",0
1,1,"1",1,"1",0
0,0,"1",1,"0",0
0,0,"0",0,"1",1
0,0,"0",1,"1",1
0,0,"1",0,"0",1
0,0,"0",0,"0",0
0,0,"1",1,"0",0
1,1,"1",1,"1",0
0,0,"1",0,"1",0
0,1,"0",0,"1",1
0,1,"0",0,"1",0
0,0,"1",1,"1",1
0,0,"0",0,"1",1
0,1,"1",1,"1",1
1,1,"1",1,"1",1
0,0,"0",0,"0",0
0,0,"0",1,"0",0
0,0,"1",0,"0",0
0,0,"0",0,"1",0
0,0,"1",0,"1",0
0,0,"0",1,"1",1
0,0,"1",0,"1",1
0,0,"1",1,"1",0
1,1,"1",1,"1",0
0,0,"0",1,"1",0
0,0,"1",0,"1",0
1,0,"1",1,"1",1
1,0,"0",0,"0",0
0,0,"0",0,"1",0
0,0,"0",0,"1",1
0,0,"0",1,"1",1
1,1,"1",1,"1",1
0,1,"1",1,"1",1
0,1,"0",1,"1",0
0,0,"0",0,"0",1
1,1,"1",1,"0",0
0,1,"0",1,"1",0
0,0,"1",0,"0",0
1,1,"1",0,"0",0
0,0,"1",0,"1",0
0,0,"1",0,"0",1
0,1,"0",1,"1",1
1,1,"1",1,"1",1
0,0,"0",0,"0",0
0,0,"0",1,"1",1
0,1,"0",0,"1",1
0,0,"1",1,"1",0
0,0,"1",0,"1",1
0,0,"1",1,"0",0
0,1,"0",0,"0",0
0,1,"0",0,"0",1
1,1,"1",1,"1",0
0,0,"0",0,"0",0
0,0,"0",1,"1",1
1,1,"0",1,"1",0
0,1,"0",0,"1",1
0,0,"0",0,"1",0
0,0,"0",1,"1",0
1,1,"1",1,"1",0
0,0,"0",0,"1",0
0,1,"0",1,"1",1
0,0,"1",1,"0",1
1,1,"1",1,"0",0
0,1,"0",1,"1",0
0,0,"0",0,"1",1
0,0,"1",1,"1",0
0,1,"1",1,"1",0
0,0,"1",0,"1",0
0,1,"1",1,"1",1
0,0,"0",1,"1",1
1,0,"1",1,"1",1
1,1,"0",1,"1",0
0,0,"0",0,"1",0
0,0,"0",0,"0",1
0,1,"0",1,"1",1
0,0,"1",0,"1",0
0,1,"0",1,"0",0
0,0,"0",1,"1",0
0,0,"0",0,"0",0
0,1,"0",0,"0",1
0,0,"0",0,"0",0
0,0,"1",0,"1",0
0,1,"1",1,"1",0
0,1,"0",1,"0",1
1,0,"1",1,"0",0
0,0,"1",1,"0",1
0,1,"1",0,"1",0
0,0,"1",0,"0",0
0,0,"0",0,"1",1
0,0,"1",1,"1",1
1,1,"1",1,"1",0
1,1,"1",1,"1",0
0,0,"0",0,"1",1
1,1,"1",0,"1",0
0,1,"1",1,"1",0
0,0,"1",1,"1",0
0,0,"0",0,"0",0
0,1,"1",0,"1",1
0,0,"0",0,"1",1
1,1,"1",1,"1",0
0,1,"1",1,"0",1
0,0,"1",1,"1",1
0,1,"0",1,"1",1
0,0,"0",0,"1",0
0,0,"1",1,"1",0
0,1,"1",0,"0",0
1,0,"1",0,"1",0
0,0,"0",0,"0",1
1,0,"0",1,"1",0
0,0,"1",0,"1",1
0,1,"1",0,"1",0
1,1,"1",1,"1",0
0,0,"1",1,"1",0
0,0,"0",1,"0",1
0,0,"1",0,"1",0
1,1,"1",0,"1",1
1,1,"1",1,"1",0
0,0,"0",0,"1",1
1,1,"1",0,"1",0
0,0,"0",0,"1",1
0,0,"1",0,"1",0
0,0,"1",0,"1",1
0,0,"1",0,"1",0
1,1,"1",1,"0",0
0,0,"0",0,"1",1
1,1,"0",0,"1",0
0,0,"1",1,"1",1
0,0,"0",0,"1",1
0,1,"1",0,"1",0
0,1,"1",1,"1",0
0,1,"0",0,"0",0
0,1,"1",1,"0",1
0,1,"0",0,"1",1
0,0,"0",0,"1",1
0,1,"1",0,"1",0
0,0,"1",0,"1",0
0,1,"1",1,"1",0
1,1,"0",1,"1",0
0,0,"1",0,"1",0
0,0,"1",0,"0",1
0,0,"1",0,"0",0
0,1,"0",0,"1",0
0,1,"0",1,"1",0
0,0,"1",0,"1",1
1,0,"1",0,"1",0
0,0,"1",1,"0",1
0,0,"0",0,"1",1
0,1,"1",1,"1",1
0,0,"0",0,"1",0
0,1,"1",1,"1",1
0,1,"1",0,"1",0
0,1,"0",0,"1",1
0,0,"1",1,"1",0
0,1,"1",0,"0",0
1,0,"1",1,"1",0
0,0,"0",0,"0",1
0,0,"0",0,"0",1
0,0,"1",0,"1",0
1,1,"1",0,"1",0
1,1,"0",1,"1",0
1,0,"0",1,"1",1
0,0,"1",0,"1",0
0,0,"1",0,"1",1
0,1,"0",0,"0",1
1,1,"1",0,"1",0
0,0,"1",0,"1",0
0,0,"0",0,"0",0
0,0,"1",0,"1",1
0,0,"0",0,"1",1
0,0,"0",0,"1",1
1,0,"1",1,"1",0
0,1,"0",1,"1",0
0,1,"1",1,"1",0
0,0,"0",0,"1",1
0,0,"1",1,"1",1
1,1,"1",1,"1",0
0,0,"1",0,"1",1
0,1,"1",1,"1",1
0,0,"1",0,"0",0
0,0,"1",0,"1",0
0,0,"1",1,"1",0
0,0,"0",0,"1",1
0,0,"0",0,"1",1
0,1,"0",1,"1",0
1,1,"1",0,"1",0
0,0,"0",0,"1",1
0,0,"0",0,"1",0
0,0,"1",0,"1",1
1,1,"1",1,"1",0
0,1,"1",1,"1",1
0,1,"0",1,"1",0
0,0,"0",1,"1",0
1,1,"1",1,"1",0
0,0,"0",0,"0",1
1,1,"1",1,"1",0
1,0,"0",1,"1",1
1,1,"1",1,"1",1
1,0,"1",0,"1",0
0,1,"1",0,"0",0
1,0,"0",1,"1",0
0,1,"0",1,"1",1
0,0,"0",1,"1",0
1,1,"1",1,"1",0
0,1,"0",1,"1",1
0,0,"0",1,"1",1
0,1,"0",0,"1",1
1,0,"1",0,"1",0
1,1,"1",1,"1",0
0,0,"1",1,"1",0
0,1,"1",1,"1",0
0,1,"1",0,"1",0
0,1,"0",1,"0",0
1,1,"1",1,"1",1
1,1,"0",1,"1",0
1,1,"0",1,"1",1
1,1,"1",1,"1",0
0,0,"1",0,"1",0
0,1,"0",0,"1",1
0,0,"1",1,"1",0
0,0,"1",1,"1",0
0,0,"0",0,"0",0
0,0,"1",1,"1",0
0,0,"0",0,"1",0
0,1,"1",0,"1",0
0,1,"1",0,"1",0
0,0,"1",0,"0",0
0,0,"0",0,"1",0
1,1,"0",1,"1",0
1,1,"0",0,"1",0
0,1,"0",1,"1",0
1,1,"1",1,"1",1
0,1,"0",1,"1",1
1,0,"1",1,"1",0
1,1,"1",1,"1",0
1,0,"1",0,"1",0
0,0,"1",0,"1",0
0,0,"1",0,"1",0
0,0,"0",0,"1",1
1,0,"1",0,"1",0
1,0,"0",0,"1",0
1,1,"0",0,"0",0
0,1,"0",0,"1",0
0,1,"1",1,"0",0
1,0,"1",1,"1",0
1,1,"1",1,"0",0
0,0,"0",0,"0",0
0,1,"1",1,"1",1
1,0,"1",1,"1",1
0,0,"0",1,"1",1
1,1,"1",1,"1",1
0,0,"1",0,"0",0
0,1,"0",0,"1",1
0,1,"1",0,"1",0
0,0,"1",0,"1",0
1,1,"1",1,"1",0
0,1,"1",1,"1",0
0,0,"0",1,"1",1
0,0,"1",0,"1",0
0,0,"0",0,"1",0
0,0,"0",0,"1",1
1,0,"1",1,"1",0
0,0,"0",0,"1",0
1,1,"0",1,"1",0
0,0,"0",0,"1",1
1,1,"1",1,"1",0
0,1,"0",1,"1",0
0,0,"0",0,"1",0
1,0,"1",0,"1",0
0,0,"0",0,"0",0
0,0,"0",1,"1",1
0,1,"0",1,"1",0
0,0,"0",0,"1",1
0,0,"1",0,"0",0
0,1,"1",0,"1",0
0,1,"1",0,"1",0
0,0,"0",1,"1",1
0,0,"0",0,"1",1
0,0,"0",1,"1",1
0,1,"1",0,"1",0
0,0,"1",1,"1",0
0,0,"0",0,"0",1
0,1,"1",0,"1",1
1,0,"1",1,"1",1
1,0,"0",1,"1",1
0,0,"1",1,"1",0
0,1,"0",0,"1",0
1,1,"0",1,"1",0
0,0,"1",0,"1",0
0,0,"0",0,"1",1
1,1,"0",0,"1",0
0,0,"0",1,"0",1
1,1,"1",1,"1",0
1,0,"1",0,"1",1
0,0,"1",0,"0",0
0,0,"0",0,"0",1
0,1,"0",0,"1",0
0,0,"1",0,"0",0
0,0,"1",1,"1",1
0,1,"0",1,"1",0
0,0,"1",0,"1",0
0,0,"0",0,"1",1
0,0,"1",0,"0",0
1,0,"0",0,"0",0
0,0,"0",1,"0",0
1,0,"1",0,"0",0
0,1,"0",1,"1",1
0,0,"0",0,"1",0
0,0,"1",1,"1",1
1,1,"1",1,"1",0
1,0,"1",1,"1",1
0,1,"1",1,"1",0
1,1,"1",1,"0",0
1,0,"1",1,"1",1
1,0,"1",0,"1",0
0,1,"1",0,"1",0
1,1,"1",1,"1",1
0,1,"0",1,"0",1
0,1,"1",1,"1",0
0,0,"1",0,"1",1
1,1,"1",0,"1",0
1,1,"0",1,"1",0
0,1,"0",1,"0",0
0,1,"0",1,"1",1
1,1,"1",0,"1",0
1,0,"1",0,"1",0
0,1,"1",1,"1",1
0,0,"1",1,"1",0
0,0,"0",0,"1",1
0,1,"1",0,"0",0
0,1,"0",0,"1",0
1,0,"1",1,"1",0
0,1,"1",1,"1",1
0,0,"1",0,"0",0
0,0,"0",1,"1",0
0,0,"0",1,"1",0
0,0,"1",1,"1",1
1,0,"0",1,"1",0
0,1,"0",0,"1",0
0,0,"0",0,"1",0
0,0,"1",1,"1",1
1,1,"1",1,"1",0
1,0,"1",1,"1",1
0,0,"1",0,"1",0
0,1,"1",1,"1",1
1,0,"1",1,"1",0
1,1,"1",1,"0",0
1,1,"0",1,"0",0
0,0,"0",1,"1",1
0,0,"0",1,"1",1
0,1,"1",1,"1",0
0,0,"0",0,"1",0
0,0,"0",0,"1",1
0,0,"0",0,"1",1
0,1,"0",0,"0",0
1,0,"0",1,"1",0
0,1,"1",1,"1",0
0,0,"0",0,"1",0
1,1,"1",1,"1",0
0,1,"1",0,"1",0
1,1,"1",1,"0",1
1,0,"1",1,"1",1
0,0,"1",0,"0",1
1,1,"1",1,"1",0
0,1,"0",0,"1",1
0,0,"0",1,"1",1
0,0,"1",0,"1",0
0,1,"1",0,"1",1
0,0,"1",1,"1",0
0,0,"0",0,"0",1
0,0,"0",1,"1",1
0,0,"1",0,"0",1
0,0,"0",1,"1",0
1,1,"1",1,"1",0
0,1,"1",1,"1",0
0,0,"1",0,"1",0
1,1,"1",1,"1",0
1,1,"1",0,"1",0
1,1,"1",1,"1",1
0,0,"0",0,"0",0
0,0,"0",0,"1",1
1,0,"1",0,"0",0
1,1,"1",1,"1",0
1,1,"1",1,"1",0
0,1,"1",0,"1",0
0,1,"0",0,"1",1
0,0,"0",0,"1",0
0,0,"1",1,"0",1
1,1,"1",0,"1",0
1,0,"1",1,"1",1
0,0,"1",0,"1",0
0,0,"1",1,"0",0
1,1,"1",1,"1",1
0,0,"0",0,"0",1
0,1,"1",0,"1",0
0,1,"0",0,"1",0
0,0,"0",0,"1",0
0,0,"1",1,"1",1
0,0,"1",0,"1",0
1,0,"0",0,"1",0
1,0,"1",0,"1",1
1,1,"1",1,"1",0
1,1,"1",0,"1",0
1,1,"1",1,"1",0
0,0,"1",1,"1",1
0,0,"1",0,"1",0
0,0,"1",1,"1",0
0,0,"0",1,"0",1
0,0,"0",0,"0",1
0,1,"0",1,"1",0
0,1,"1",1,"1",0
1,0,"0",0,"1",0
0,0,"1",1,"1",1
1,1,"1",1,"1",1
0,1,"1",1,"1",0
0,1,"1",1,"1",1
1,1,"1",1,"0",1
0,1,"1",1,"1",0
0,1,"1",0,"1",0
1,1,"1",1,"1",0
0,0,"1",1,"1",1
0,0,"0",0,"1",0
0,0,"0",1,"0",1
1,1,"1",1,"1",1
0,0,"0",1,"1",1
0,0,"0",0,"1",1
0,0,"1",1,"0",0
1,1,"0",1,"0",0
1,1,"0",1,"1",0
0,0,"0",0,"1",0
1,1,"0",0,"1",0
0,0,"1",0,"0",0
0,1,"1",1,"1",1
0,0,"0",0,"1",0
0,1,"1",0,"1",0
0,0,"1",1,"1",1
1,0,"1",1,"1",0
0,0,"1",0,"0",0
1,1,"1",0,"0",1
0,1,"1",0,"0",0
0,0,"0",0,"1",1
0,0,"1",1,"1",1
0,1,"1",1,"1",0
0,0,"0",0,"1",0
0,0,"0",0,"0",1
0,0,"0",0,"1",0
0,1,"0",1,"1",1
0,1,"1",1,"0",0
0,1,"1",1,"1",0
0,1,"0",1,"0",0
0,0,"0",0,"0",0
0,1,"0",0,"1",1
0,1,"0",1,"1",1
0,1,"1",1,"1",0
0,0,"0",1,"1",0
1,1,"0",0,"1",0
0,0,"0",0,"1",1
0,0,"1",0,"1",1
1,1,"1",1,"1",0
1,1,"1",1,"0",0
1,0,"1",1,"0",0
0,0,"0",0,"1",0
0,0,"0",0,"0",0
0,0,"0",0,"1",1
0,0,"0",0,"0",1
1,1,"1",1,"1",0
1,1,"1",1,"1",0
0,0,"0",1,"1",1
0,0,"0",0,"1",1
0,0,"1",0,"1",0
1,1,"1",1,"0",0
0,0,"0",1,"1",1
1,0,"0",0,"1",0
0,1,"1",1,"1",1
0,1,"0",0,"1",0
0,1,"1",1,"1",0
1,0,"1",1,"1",0
0,0,"1",0,"1",0
0,0,"0",1,"1",1
0,0,"1",0,"0",0
0,1,"0",1,"0",0
1,0,"1",0,"1",0
0,1,"0",0,"1",0
0,0,"1",0,"0",0
0,0,"1",1,"1",1
0,0,"0",0,"1",0
1,0,"1",1,"1",1
1,1,"0",1,"1",0
1,0,"1",1,"1",1
0,0,"1",0,"1",0
1,1,"1",1,"1",0
1,1,"1",0,"1",0
0,0,"1",0,"1",0
1,0,"1",1,"1",1
0,0,"1",0,"0",0
0,0,"1",1,"1",0
0,0,"0",0,"1",0
0,1,"1",0,"1",0
0,1,"1",0,"0",0
0,0,"1",0,"1",0
1,0,"0",1,"0",0
0,1,"1",1,"1",1
1,0,"1",0,"0",0
0,1,"1",1,"1",0
0,1,"1",1,"1",0
0,0,"0",0,"1",1
1,1,"1",1,"1",0
0,0,"0",0,"0",1
0,1,"0",0,"1",0
0,0,"1",0,"1",0
0,0,"1",0,"0",1
0,1,"1",0,"0",1
0,0,"0",0,"1",0
0,0,"1",0,"0",0
0,1,"1",1,"1",0
0,1,"1",0,"1",0
0,0,"0",0,"1",0
1,0,"1",1,"1",0
1,1,"1",1,"1",1
1,1,"1",0,"1",0
1,0,"1",0,"1",0
1,1,"1",1,"1",0
0,1,"1",1,"1",0
0,1,"1",1,"1",0
0,0,"1",0,"1",0
0,1,"1",0,"0",0
0,1,"1",1,"1",0
0,1,"1",1,"1",1
0,1,"1",1,"1",0
0,1,"0",1,"1",0
0,0,"0",0,"1",1
0,0,"0",0,"1",1
0,0,"1",1,"1",1
0,1,"1",1,"1",0
0,1,"0",0,"1",1
0,1,"1",0,"1",1
0,0,"1",0,"1",1
1,1,"0",1,"1",0
1,0,"1",1,"1",0
0,0,"1",1,"1",1
0,0,"0",0,"1",1
1,1,"1",1,"1",0
0,1,"1",0,"0",0
0,0,"1",1,"1",1
0,1,"1",1,"1",0
0,0,"0",1,"1",1
0,1,"0",0,"1",0
0,0,"0",0,"1",1
0,0,"1",0,"1",0
1,1,"1",1,"1",0
1,0,"1",1,"1",0
1,1,"1",1,"0",0
0,1,"1",1,"0",0
0,1,"1",1,"1",0
0,0,"1",1,"1",0
0,1,"0",1,"1",0
0,0,"1",1,"1",1
0,0,"0",0,"1",0
0,0,"0",0,"1",1
0,1,"0",0,"1",0
0,0,"0",0,"1",1
0,0,"1",1,"1",0
0,0,"1",1,"0",1
0,0,"1",0,"1",1
0,0,"0",0,"0",1
1,1,"1",1,"1",0
0,0,"1",0,"1",1
0,1,"0",0,"1",0
0,1,"1",0,"0",1
0,1,"1",0,"1",1
1,1,"1",1,"1",0
0,1,"1",1,"1",1
0,0,"0",1,"1",1
1,0,"1",1,"1",0
1,1,"1",1,"1",0
0,0,"0",1,"1",1
0,1,"1",0,"1",0
0,1,"1",1,"1",0
0,0,"1",1,"1",1
1,0,"1",0,"1",0
0,0,"1",1,"1",1
0,1,"1",0,"1",1
0,1,"1",1,"1",0
0,1,"0",0,"1",0
0,0,"0",0,"0",1
0,1,"1",1,"1",0
1,0,"1",0,"0",0
0,0,"1",1,"1",1
0,0,"1",1,"1",1
0,0,"1",0,"1",0
0,0,"1",0,"1",0
1,1,"1",1,"1",0
1,1,"0",1,"0",0
0,1,"1",0,"0",0
1,1,"1",1,"1",0
0,1,"0",1,"1",0
1,1,"1",1,"1",1
1,1,"1",1,"1",0
1,1,"1",1,"1",0
0,1,"0",1,"1",0
0,0,"1",0,"1",0
0,0,"0",0,"1",0
0,0,"1",0,"1",0
0,1,"0",0,"0",1
0,0,"1",0,"1",0
0,0,"1",1,"0",0
0,1,"1",1,"1",0
0,1,"0",0,"1",0
0,0,"1",0,"1",1
1,1,"1",1,"1",0
0,1,"1",1,"1",0
1,1,"1",1,"1",0
0,0,"0",0,"1",1
1,1,"1",1,"0",0
0,1,"0",0,"1",1
0,1,"0",0,"1",0
1,0,"1",1,"1",0
0,0,"0",1,"1",0
0,0,"0",0,"1",0
0,1,"1",0,"1",0
0,0,"1",0,"1",1
0,1,"1",1,"1",1
0,0,"1",0,"0",0
0,0,"1",0,"0",0
1,0,"1",1,"0",0
0,0,"0",0,"1",0
0,1,"1",1,"1",1
0,1,"1",1,"0",0
0,1,"0",1,"1",1
1,1,"1",1,"1",0
0,0,"0",0,"0",1
0,0,"1",0,"1",0
1,1,"1",0,"1",0
0,1,"1",1,"1",1
0,0,"0",0,"0",0
0,1,"1",1,"0",1
0,1,"1",0,"1",0
0,1,"1",1,"1",0
1,0,"1",0,"1",0
0,0,"0",1,"1",1
0,1,"1",0,"0",0
0,0,"0",0,"1",0
0,1,"0",0,"0",1
0,0,"1",0,"1",0
0,0,"1",1,"1",0
1,1,"0",0,"1",0
0,0,"1",0,"1",0
0,1,"0",0,"1",0
1,1,"1",1,"1",0
1,1,"1",0,"1",0
0,1,"1",1,"0",0
0,0,"1",0,"0",0
0,1,"1",1,"1",0
0,0,"0",0,"1",0
0,0,"0",0,"1",0
0,1,"1",1,"1",0
0,1,"1",0,"1",0
0,0,"0",0,"1",1
0,1,"1",1,"0",1
0,0,"1",0,"0",1
0,1,"1",1,"1",0
0,1,"1",1,"1",1
0,1,"1",1,"0",1
1,1,"1",1,"1",0
0,0,"0",0,"0",1
0,1,"0",0,"1",0
0,1,"1",0,"1",0
0,1,"0",0,"1",0
0,0,"0",0,"1",1
1,1,"0",1,"1",0
0,0,"1",0,"0",1
0,0,"1",0,"1",1
0,0,"1",1,"1",1
1,0,"1",1,"0",1
0,0,"1",0,"1",0
0,1,"0",1,"0",0
0,0,"1",0,"1",1
0,0,"0",0,"1",0
0,0,"1",1,"1",1
0,0,"0",0,"1",0
0,0,"0",0,"0",1
0,1,"0",1,"1",1
0,0,"1",1,"1",0
0,0,"0",0,"1",0
0,1,"0",1,"0",1
0,1,"0",0,"1",1
0,0,"1",0,"0",0
0,1,"1",1,"1",0
0,1,"1",1,"1",1
0,0,"0",0,"1",0
0,0,"1",1,"1",0
0,1,"1",1,"1",0
0,0,"1",0,"0",1
0,1,"1",1,"0",1
0,0,"1",0,"1",0
0,1,"1",1,"1",0
1,1,"1",1,"1",0
1,1,"1",1,"1",0
0,1,"0",0,"0",0
1,0,"0",1,"1",1
1,1,"1",1,"1",0
0,0,"1",0,"0",1
1,0,"1",0,"1",0
0,1,"0",1,"1",0
0,0,"0",0,"1",1
0,1,"1",1,"1",0
1,0,"1",0,"1",0
0,1,"1",0,"0",0
1,1,"1",1,"1",0
0,1,"1",1,"1",0
1,1,"1",1,"0",0
1,1,"1",0,"1",0
0,0,"0",0,"1",1
0,0,"0",0,"0",1
0,0,"1",1,"1",0
0,1,"1",1,"1",0
0,1,"1",1,"1",0
0,0,"0",0,"1",1
1,1,"0",0,"1",0
1,1,"0",0,"1",1
0,1,"1",1,"1",1
0,0,"0",0,"1",1
0,0,"1",1,"1",1
1,0,"1",0,"1",0
1,0,"1",0,"1",1
1,0,"1",0,"1",0
0,0,"1",0,"1",0
0,1,"0",1,"1",0
1,1,"1",1,"1",0
0,0,"1",0,"1",0
1,1,"1",1,"1",0
1,0,"0",1,"1",0
1,1,"1",1,"0",1
1,1,"1",0,"0",0
0,0,"1",1,"1",1
1,0,"1",0,"1",0
0,0,"1",0,"0",0
1,0,"1",1,"1",0
1,0,"1",0,"0",0
1,1,"1",1,"1",0
0,1,"1",0,"1",0
1,1,"0",0,"0",0
0,0,"1",0,"1",0
1,0,"1",0,"1",1
0,0,"1",0,"1",0
1,1,"1",1,"1",0
0,0,"0",1,"1",1
0,0,"1",1,"1",0
0,0,"0",0,"1",1
0,1,"1",1,"1",1
0,0,"1",0,"1",0
0,1,"1",1,"1",0
1,0,"1",0,"1",0
1,1,"0",0,"1",0
0,0,"1",0,"1",1
0,1,"1",1,"1",0
1,0,"0",1,"1",0
0,0,"0",0,"1",0
0,0,"1",0,"1",0
1,0,"1",1,"1",0
0,0,"0",1,"1",0
0,1,"0",1,"1",1
0,0,"0",0,"1",1
0,0,"1",1,"1",0
1,0,"1",1,"0",0
0,0,"0",0,"1",0
0,0,"1",0,"1",0
1,1,"1",0,"1",1
0,1,"1",1,"1",0
1,0,"1",1,"1",0
1,1,"1",1,"1",0
0,0,"0",0,"0",1
0,1,"1",1,"1",0
1,1,"0",0,"1",1
1,0,"1",0,"1",0
0,0,"0",0,"1",0
0,0,"1",0,"1",1
0,1,"1",1,"1",0
0,0,"1",0,"1",1
0,0,"0",0,"1",1
0,1,"1",0,"1",0
0,0,"1",1,"1",1
0,1,"1",0,"1",0
0,1,"0",1,"1",1
0,0,"1",1,"1",0
0,1,"1",1,"1",1
0,1,"1",1,"0",0
1,0,"1",1,"1",0
0,1,"1",0,"1",1
0,0,"1",0,"1",1
0,1,"1",1,"1",1
0,1,"1",0,"0",0
1,1,"1",1,"1",1
0,0,"0",0,"1",0
0,0,"0",0,"1",1
0,1,"1",0,"1",0
1,1,"1",1,"1",0
0,1,"0",0,"0",0
0,0,"1",0,"1",0
0,0,"1",1,"1",1
1,1,"1",1,"1",0
0,0,"1",0,"1",0
0,1,"1",0,"1",0
0,1,"1",0,"0",0
0,0,"1",0,"0",0
0,0,"0",0,"1",1
0,0,"1",1,"1",0
0,0,"0",0,"1",0
1,0,"0",0,"0",0
1,1,"1",1,"1",0
0,1,"1",1,"1",0
0,0,"0",0,"0",0
0,1,"0",0,"1",1
0,1,"1",0,"1",0
0,0,"0",0,"0",1
0,0,"0",0,"1",1
0,1,"0",0,"1",0
1,1,"1",1,"1",0
0,1,"1",0,"0",0
1,1,"1",1,"1",0
1,0,"0",0,"1",0
0,1,"1",1,"1",0
0,0,"0",1,"1",0
0,1,"0",1,"1",0
1,1,"1",1,"0",1
0,0,"1",0,"1",0
0,0,"0",0,"1",0
1,0,"0",1,"1",0
0,0,"0",0,"0",1
0,0,"0",1,"1",1
1,0,"1",1,"1",1
1,1,"1",1,"1",1
0,0,"0",1,"0",1
0,0,"0",0,"1",1
0,0,"1",0,"1",1
0,0,"1",0,"1",1
1,0,"1",0,"1",0
0,0,"0",0,"1",1
0,1,"0",1,"1",0
0,1,"0",1,"1",0
0,0,"1",1,"1",1
0,0,"0",0,"1",1
0,0,"0",1,"1",1
0,0,"0",1,"1",1
0,0,"1",1,"1",1
1,0,"1",0,"0",0
0,1,"0",1,"1",0
0,0,"1",0,"1",0
0,0,"0",0,"1",0
0,0,"1",1,"1",0
0,0,"1",0,"1",0
0,0,"0",0,"1",1
0,1,"1",1,"1",1
0,0,"1",1,"0",1
0,1,"0",0,"1",0
0,1,"1",1,"0",0
0,0,"1",0,"0",1
0,1,"1",1,"1",0
1,1,"1",1,"1",0
1,1,"1",1,"1",0
0,0,"0",0,"0",0
1,1,"1",1,"1",0
0,0,"0",1,"1",1
0,0,"0",1,"1",1
0,0,"1",0,"1",0
1,1,"1",1,"1",1
0,0,"1",0,"1",0
0,0,"0",1,"1",0
0,0,"0",0,"1",1
0,1,"0",0,"1",0
0,0,"0",0,"1",0
1,1,"1",1,"0",0
0,0,"0",0,"0",1
0,1,"1",1,"1",0
0,0,"0",0,"1",0
1,0,"1",0,"1",0
1,1,"1",1,"1",0
0,0,"0",0,"1",0
1,0,"1",1,"1",0
0,0,"0",0,"1",1
1,1,"1",1,"1",0
1,1,"1",1,"1",0
0,0,"0",0,"0",1
1,0,"0",0,"1",0
0,1,"1",1,"1",0
1,1,"1",1,"1",1
0,1,"1",0,"0",0
0,0,"0",0,"0",1
0,1,"1",1,"1",1
0,0,"1",0,"0",0
1,1,"0",1,"1",1
0,1,"1",1,"1",1
1,1,"1",1,"0",1
1,1,"1",1,"1",0
0,0,"1",0,"1",0
0,1,"0",0,"0",0
1,1,"0",1,"1",0
0,1,"0",1,"1",1
0,0,"0",0,"1",1
1,0,"1",1,"1",0
0,0,"0",0,"0",0
0,1,"1",1,"1",1
0,0,"0",0,"1",0
0,0,"0",0,"0",1
1,1,"1",1,"1",0
1,1,"1",0,"1",0
0,1,"1",1,"1",0
0,0,"1",0,"0",0
0,0,"1",1,"1",0
0,1,"1",1,"1",1
0,0,"1",1,"1",0
0,1,"0",0,"1",1
1,0,"1",1,"1",0
0,0,"1",1,"1",1
0,0,"0",1,"0",0
0,0,"0",1,"1",0
0,0,"0",0,"1",1
1,1,"0",1,"1",0
1,1,"1",1,"1",0
0,0,"0",1,"1",0
0,1,"0",0,"1",1
0,1,"1",1,"1",1
1,0,"0",0,"0",0
0,1,"1",0,"1",0
0,1,"0",1,"1",0
0,0,"1",0,"0",0
0,1,"1",1,"1",1
0,1,"1",1,"1",0
0,1,"1",0,"1",0
0,1,"0",1,"1",1
0,0,"0",0,"1",1
0,1,"1",0,"0",0
1,0,"0",0,"1",0
0,1,"0",0,"0",0
0,1,"0",0,"1",0
1,1,"1",1,"1",0
0,1,"0",1,"1",1
0,1,"1",1,"1",0
1,1,"1",0,"1",0
0,0,"1",1,"0",1
0,0,"1",0,"1",0
0,0,"0",0,"1",1
0,0,"0",1,"1",0
0,1,"0",1,"0",1
0,0,"0",1,"1",1
1,0,"0",0,"1",0
0,1,"0",1,"1",1
1,0,"1",0,"1",0
1,0,"1",0,"1",0
1,1,"1",1,"1",0
0,0,"1",0,"1",0
0,0,"0",0,"1",0
0,1,"1",1,"1",0
0,0,"1",0,"1",1
0,0,"1",0,"1",0
0,0,"0",0,"1",0
1,1,"1",1,"1",0
1,1,"1",1,"1",0
0,1,"1",1,"1",1
1,1,"1",1,"1",1
0,1,"0",0,"1",1
0,0,"1",0,"0",1
0,1,"1",1,"1",0
0,0,"1",1,"0",1
1,1,"1",1,"0",0
1,0,"1",1,"1",0
1,1,"1",1,"1",0
0,1,"1",0,"1",0
0,0,"1",0,"0",0
0,0,"0",0,"1",1
0,0,"1",0,"1",0
1,1,"1",1,"1",0
0,0,"1",1,"1",1
1,1,"0",1,"1",0
1,1,"0",1,"1",1
0,1,"1",0,"1",0
1,1,"1",1,"1",1
1,1,"1",1,"1",1
1,0,"1",1,"1",1
1,0,"1",0,"1",1
1,1,"0",1,"1",0
0,0,"0",0,"1",0
0,0,"0",0,"1",1
0,1,"1",1,"1",0
0,0,"1",1,"1",0
0,1,"1",0,"1",0
0,0,"0",1,"1",1
0,1,"0",1,"0",0
1,1,"1",1,"0",1
0,1,"1",0,"1",0
0,0,"1",0,"0",1
0,1,"1",1,"1",0
0,0,"1",0,"1",1
0,0,"0",1,"0",1
0,1,"1",1,"1",1
0,0,"0",0,"1",1
0,0,"1",0,"0",0
0,0,"0",0,"0",1
1,1,"1",0,"1",0
0,0,"0",0,"1",0
0,1,"1",0,"1",0
0,0,"1",1,"1",1
0,1,"1",1,"1",0
0,0,"1",0,"1",1
0,0,"1",0,"1",0
1,1,"1",1,"1",1
0,1,"0",1,"1",0
0,0,"0",0,"1",1
0,0,"0",0,"1",1
0,1,"1",1,"1",1
0,1,"0",0,"1",1
0,0,"0",0,"1",1
0,0,"1",0,"1",1
0,0,"0",0,"1",1
0,0,"0",0,"1",1
0,0,"0",1,"0",1
1,0,"1",1,"0",1
1,1,"0",1,"0",1
0,1,"1",1,"1",0
0,1,"1",1,"1",0
0,1,"1",0,"0",0
0,1,"1",0,"1",0
0,0,"0",1,"1",0
0,1,"1",1,"1",0
1,1,"0",1,"1",0
0,0,"1",0,"1",0
0,0,"0",0,"1",0
0,1,"1",1,"1",1
0,1,"0",1,"0",1
0,1,"1",1,"1",0
0,1,"1",0,"0",0
0,0,"0",0,"1",1
1,1,"0",0,"0",0
0,1,"1",1,"1",0
0,0,"1",1,"1",1
0,1,"1",1,"0",0
1,1,"1",1,"1",1
0,1,"1",0,"1",0
1,1,"0",1,"1",0
1,1,"1",1,"1",0
0,1,"1",1,"0",0
0,1,"1",1,"1",1
0,0,"1",0,"1",0
1,0,"1",1,"0",0
0,0,"1",1,"1",1
0,1,"1",1,"1",0
1,1,"1",0,"1",0
0,0,"0",1,"1",1
1,1,"1",1,"1",1
1,1,"0",1,"0",1
0,0,"0",0,"0",1
0,1,"1",1,"0",0
0,0,"1",0,"0",0
0,0,"1",0,"1",1
0,0,"0",0,"1",1
0,0,"0",0,"0",0
0,1,"1",1,"1",0
0,0,"0",1,"1",0
1,1,"1",0,"0",1
1,1,"1",1,"0",0
1,0,"1",1,"1",1
0,0,"0",1,"1",1
0,0,"1",1,"1",0
1,1,"1",1,"0",0
1,0,"0",1,"1",0
0,1,"0",1,"1",0
1,1,"1",0,"1",0
0,0,"0",1,"0",0
1,1,"0",1,"1",0
1,1,"1",0,"1",0
0,1,"1",1,"1",1
0,0,"0",1,"1",0
0,1,"1",1,"1",1
0,0,"0",1,"1",0
0,0,"1",1,"1",0
0,0,"0",1,"1",1
0,0,"1",0,"1",1
0,1,"0",1,"1",0
0,0,"1",0,"1",0
0,0,"1",1,"1",1
1,1,"1",1,"1",0
0,0,"1",1,"1",1
0,0,"0",0,"1",1
0,1,"1",0,"1",0
0,0,"0",0,"0",1
1,0,"0",1,"1",0
0,1,"0",0,"1",0
0,0,"1",0,"1",0
1,1,"1",0,"1",0
0,0,"1",0,"1",0
1,1,"1",1,"1",1
0,1,"0",0,"1",1
1,0,"0",0,"0",0
0,0,"0",1,"0",1
0,0,"0",0,"0",1
0,1,"1",1,"1",1
0,0,"0",1,"0",1
0,1,"1",0,"0",0
0,1,"0",1,"0",1
0,0,"0",1,"1",1
0,0,"1",1,"1",1
0,1,"0",1,"1",1
0,0,"0",0,"1",1
0,1,"1",1,"1",0
0,1,"1",1,"1",0
0,0,"0",0,"1",0
0,0,"1",0,"1",0
0,1,"0",1,"0",0
1,1,"1",1,"1",1
0,0,"1",0,"1",1
0,0,"1",0,"1",0
0,0,"1",1,"1",0
1,0,"0",0,"1",0
1,1,"1",0,"0",0
1,1,"1",1,"1",0
0,0,"1",1,"1",0
0,1,"0",0,"1",0
0,1,"1",0,"1",0
1,0,"1",0,"1",0
1,0,"1",0,"1",0
0,0,"1",0,"1",0
0,0,"1",1,"0",0
